국문명,영문명
가로,GARO
가마스,GAMAS
가먼트레이블,GARMENTLABLE
가민,Garmin
객,GAC
겐지아이웨어,GENZIE
고마워,gomawo
고저,GOZER
고콧,GO-KOT
골드파일,GOLD PFEIL
골든아울,GOLDEN OWL
골든펫,GOLDENPET
공백,GONGBAEK
굿라이프웍스,Goodlifeworks
그라미치,GRAMICCI
그랑스포스,GRANSFORS
그래니트기어,GRANITE GEAR
그레고리,GREGORY
그레이굿즈,graygoods
그레이브볼트,Gravevault
그롭스,GROFS
글래드핸드 컴파니,GLAD HAND Co.
글런든,grunden
글리머,GLIMMER
글림퍼,grimper
기타,ETC
긱타,GEEKTA
길단,GILDAN
길프,Guil.F
까트린,CATTLINE
꾸올레,CUORE
나이쇼,NAISHO
나이키,NIKE
나이키,nike
나인윅스,nineweeks
나잇러브솔트,nightlovesalt
나파피리,NAPAPIJRI
날호,Nalho
내셔널 퍼블리시티,NATIONAL PUBLICITY
내추럴라이저,NATURALIZER
너트앤볼트,NUTANDBOLT
널,NUL
네임즈,names
노네임니드,NONAMENEED
노드스튜디오,NORD STUDIO
노르딕아일랜드,NORDICISLAND
노마딕,NOMADIC
노스씨클로딩,NORTH SEA CLOTHING
노스페이스,northface
노스페이스,NORTHFACE
노우트,nought
노운,noun
노이스트,NOIXTE
노이어,noirer
노이지,NOIZY
노이커먼,NOYCOMMON
노즈아이,NOZEYE
노클,NOCLE
노패스트노퓨쳐,NOPASTNOFUTURE
논논,NONENON
누아드비뉴,NOIR de VIGNE
누아믹,nueahmik
누엔타,NUENTA
누퍼,NUPER
뉴발란스,NEW BALANCE
뉴발란스,new blance
뉴스텔지아,Newstalgia
니달 캐시미어,Nidal CASHMERE
니어러,Nearer
니커보커,Knickerbocker
니틀리,knitly
닉앤니콜,NICK&NICOLE
다운타우너,downtowner
다이아노바,DIANOVA
다츠다츠,dotsdots
닥터마틴,DR.MARTENS
더 플러리스,The Flawless
더그레이티스트,THEGREATEST
더블린,DUBLINWARE(DLWE)
더블에이씨,AAC
더스토리,THESTORI
더에이본,the-abon
더타임이즈티킹,THETIMEISTICKING
더한올,THE HANOL
덕다이브,DUCKDIVE
덕스,DUXS
데리,DERHY
데미지니모닉,DAMAGE MNEMONIC
데이다프,DAYDAF
데호,DEHO
델디오,DELDIO
뎃츠잇,THAT'S IT
도미넌트,DOMINANT
돈키,DONKIE
돌핀웨이브,DOLPHINWAVE
돔바,DOMBA
두마딴,DU MATIN
듀테로,DEUTERO
드라이프,DRIFE
드림월드,DreamWorld
드제메르,DZEMER
드퐁,defond
드하모니,DELHARMONIE
디그낙12,D.GNAK12
디그레,DGRE
디미트리블랙,DIMITRIBLACK
디센디스,DISENDIS
디스커버리,Discovery
디스펑트,DYSFUNCT
디어쿠스틱,D acoustics
디어피어,dearpeer
디얼스,THE EARTH
디쿠마,Dcuma
디파르베,dfarbe
딘스,DEANS
라드앤파,RADANDFAR
라디네오,RADINEO
라르고,LARGO
라모랭,Ramolin
라미네즈,LAMINEZ
라반타노,LA VANTANO
라벨로그,Labelogue
라부아뜨,La Boite
라비스타,LAVISTA
라온,ra_On
라운지 에이피티,Lounge APT
라이온스틸,LIONSTEEL
라이크 캔디,LIKE CANDY
라이트문로65,LIGHT MOON RO 65
라이프아카이브,LIFE Archive
라인 프렌즈,Line Friends
라코스테,LACOSTE
라코스테,LACOSTE
락포트,ROCKPORT
락피쉬,ROCKFISH
락피쉬웨더웨어,ROCKFISH WEATHERWEAR
란주,RANJU
래셔널,RATIONAL
랩101,LAB101
러그즈,Lugz
러기드하우스,RUGGED HOUSE
러닝하이,RUNNING HIGH
러디칙스,ruddycheeks
러브웨이브,LOVEWAVE
러브참,LOVE CHARM
러프사이드,rough side
럭키플래닛,LUCKY PLANET
레미유,LEMIU
레보,REVO
레아라킨,rhearockin
레이디볼륨,LADYVOLUME
레이어 유니온,LAYER UNION
레이지던,Lazydawn
레이지선데이,LAZYSUNDAY
레인보우샌들,rainbow sandals
레터프롬문,LETTER FROM MOON
레테르코모,Letter_como
레투,LE2
레프트,Left
로로몬도,LOROMONDO
로맨틱무브,Romantic Move
로스트가든,LOSTGARDEN
로에스,RROES
로에일,LOEIL
로엘,loel
로우로우,RAWROW
로우로우 (트렁크),RAWROW (TRUNK)
로이체,ROYCHE
로즈필드,ROSEFIELD
로컬스온리,localsonly
로케이트,LOCATE
로켓북,Rocket Book
로희어패럴,ROHEE APPAREL
론다스튜디오,Ronda Studios
론론,RONRON
론트,LOHNT
롱베케이션,Long vacation
롸논,rwanontanto
루므,roomu
루시르주,Lucir zu
루악오디오,Ruark Audio
루오니어,LUONEER
루오에스팩,LUOESPAC
루즈엣르누와,rouge et le noir
루카디스,LOOKATHIS
루티네,Routine
룩어라운드,Lookarrround
르,LE
르드망쉬,le dimanche
르모호,[LE] MOHO
르씨,lxxi
르아르,LEIRE
리,LEE
리끌로우,RECLOW
리버스 서울,REVERSE seoul
리복,REEBOK
리복,REEBOK
리브라톤,Libratone
리뽀,Lipault
리서포트,RESUPORT
리셀렉트,RESELECT
리슈브네이터,Reshoevn8r
리얼엑스,REAL X
리영,LEE YOUNG
리우 옴므,LIEU HOMME
리이,RERHEE
리프레임,REFRAME
리프로덕션 오브 파운드,Reproduction of found
리플라이퍼키,REFLYPERKY
리플레이,REPLAY
리필즈,LEEFIELDS
릴렉서블 키트,Relaxable Kit
릴리오,LILIO
립앤딥,RIPNDIP
링케이크,RINGCAKE
마나비스세븐,MANAVIS7
마르베테,MARBETE
마르트,marrt
마샬,Marshall
마이애미프로젝트,MIAMIPROJECT
마이퍼스트,myFirst
마티스더큐레이터,Matissethecurator
말렌,malen
말리부샌들,MALIBUSANDALS
매너그램,MANNERGRAM
매니퀸,mannequin
매드마르스,MADMARS
매드팩토리,madfactory
매디,MAEDY
매쉬,mash
매스노운,massnoun
맥아더,MacArthur
맨인정글,MEN IN JUNGLE
맨투고,MANTOGO
머즈,MERZE
멀릭,MERLIC
메버릭,MEVERICK
메시지인더삭스,MESSAGE IN THE SOCKS
메이드모먼,Mademoment
메이엘듀,MEIELDEW
메종키츠네,MAISON KITSUNE
메타퍼,METAPHER
메피스토,MEPHISTO
멕코이,MCCOII
멜로우어스,mellowus
멜리사,melissa
멜리사,Melissa
모노라운지,MONO LOUNGE
모노폴드,monofold
모더먼트,MODERMENT
모라나이프,MORAKNIV
모블러,MOBLER
모스,MOTH
모스트칙,Most Chic
모아,MOAA
모에모어,moemore
모지파워,Mojipower
모티브스트릿,MOTIVE STREET
몬스터리퍼블릭,MONSTER REPUBLIC
몰리올리,MOLLIOLLI
몰토,MOLTO
몽클레르,MONCLER
무무,MUMU
무민,MOOMIN
무스너클,MOOSEKNUCKLE
무아스,mooas
무아애,MUAYAE
무직타이거,muziktiger
무츄,MOOCHUU
뭄카,mumka
뮤토,MUTO
믈링,mling
미나스,minas
미니 멜리사,mini melissa
미니멀프로젝트,MINIMALPROJECT
미니멜리사,Mini Melissa
미드에어,MidAir
미스터머스타드스튜디오,MR.MUSTARD STUDIO
미스터차일드,MISTERCHILD
미스틱던,MISTICDUN
미테,MITTE
민타레트로,MINTARETRO
밀로,millo
밀로그램,MILLOGRAM
밀리언코르,MILLIONCOR
바넬,banale
바버,BARBOUR
바스,BASS
바스토,BASTOW
바스틱,vastic
바우스,BAUHS
바이닉,Vynic
바이바이섭,bibyseob
바이바이올,BYEBYALL
바이얼민스,byallmins
바이엘,BYL
바이플래퍼,BIFLAPPER
바잘,VARZAR
바토즈,vatoz
박스앤콕스,Box&Cox
반스,VANS
반스,VANS
반스,VANS
반원,VANONE
반츠,BANTS
발루트,BALLUTE
발코니,BALCONY
배주안,baezuan
백컨트리,BACKCOUNTRY
밸럽,VALLUV
뱅어스,Bangers
버바팀,Verbatim
버켄스탁,BIRKENSTOCK
버켄스탁,BIRKENSTOCK
버튼서울,Button Seoul
벌스데이수트,Birthdaysuit
벗딥,butdeep
베러댄88,Betterthan88
베르노,Verno
베르에누아,VERT ET NOIR
베어파우,BEARWPAW
베이스클레프,bassclef
베이오프,BEIOFF
베이컨박스,BACON BOX
베일가,VEILGA
벤 데이비스,BEN DAVIS
벤데이비스,BEN DAVIS
벤시몽,BENSIMON
벤톨레이션,VENTOLATION
벤톨레이션,Ventolation
벨라빠우라,Bella Paura
벨레,Welle
벨룻,Belluet
벨리프,bellief
보글,bogle
보니블라,BONIBLAH
보이센트럴,boycentral
보일블랑쉐,volie blanche
부스틱서플라이,boosticsupply
분더가이스트,WUNDERGEIST
불가코프,BULGAKOV
붐작,BOOMZAC
뷰티풀데이즈,Beautiful Days
브라더 브릿지,Brother Bridge
브라디포,Bradipo
브라운브레스,BROWNBREATH
브랜즈,BRANS
브런트,BRUNT
브루먼,Bruman
브리사/엔조,BRISA/ENZO
브릭,brick
브이투,V2
블랙하인드,BLACKHIND
블랭크,BLANK
블런트,BLUNT
블렌드,BLND
블론드나인,BLOND9
블루에어,Blueair
블릭베이크,Bleak Bake
비건타이거,VEGANTIGER
비디알,VDR
비바클래시,VIVACLASSY
비비와이비,BBYB
비얼디드키드,BEARDEDKID
비에스큐티바이클래시,BSQTbyclassy
비온코리아,biionkorea
비치플레이바,Beach Flava
비트니크,BEATNIK
비파인,BEFINE
빅유니온,BIG UNION
빅유니온,BIG UNION
빌리스앤코,Billys&Co
빌리언즈,BILLIONS
빌트,Built
사이,SAI
사이,syee
사틸라,SATILA
삭스아일랜드,SOX ISLAND CO
산타크루즈,SANTACRUZ
살롱드욘,SALON DE YOHN
살롱드키,Salon de Kii
샌드파이퍼,SANDPIPER
샤카웨어,SHAKA WEAR
서울엑센트,Seoul Accent
선오브러브,SON OF LOVE
세미 베이스먼트,SEMI BASEMENT
세븐피겨스,seven figures
세비지,SAVAGE
세인트제임스,saintjames
세터,SATUR
센텐스,Sentence
센티본즈,SENTIBONES
셀크백,SELKBAG
셔터,shirter
셰르뚜아 서울,CHERTOI SEOUL
소냐레바이,SOGNAREBY
소노베스토,SONOVESTO
소니아비아,soniavia
소버먼트,soverment
소어리움,SOWERIUM
소지,soji
소프터,SOFTUR
소피앤테일러,SOPHY&TAYLOR
손신발,sonshinbal
솔,SOLE
솔랩,SoleLab
솔티,Sortie
솔티플라워,SALTYFLOWER
쇼트뉴욕,SCHOTT N.Y.C
숄더패드,SHOULDERPAD
수디오,SUDIO
수묵화편백,SooMookHwa
수아레,SUARE
수코이,SOOKOI
수페르가,SUPERGA
쉬어로,SHERO
슈니크,sunique
슈어,SHURE
슈엣뜨샤폐,CHOUETTE SAPE
슈커스,SHOECUS
슈프림,SUPREME
스마스,SMAS
스부,SUBU
스웰맙,SWELLMOB
스윗피쉬,SWITFISH
스컬캔디,SkullCandy
스코노,SKONO
스퀘어라인,square line
스타비,STAR.B
스탠드업,STANDUP
스탠리큐브릭,STANLEYKUBRICK
스탠아드,STAN ARD
스텀블린,STUMBLIN
스테어,STARE
스테어슈즈,STARE
스테이지 네임,STAGE NAME
스테파니존슨,STEPHANIE JOHNSON
스토니,STON-E
스톡홀름신드롬,STOCKHOLMSYNDROME
스톰서퍼,STORM SUFFERS
스투시,STUSSY
스투시,Stussy
스튜디오 마치스,STUDIO MÄCHIS
스튜디오 싹스탑,STUDIO SOCKSTOP
스튜디오 오후,OHUUU
스튜디오116,studio116
스튜디오성,STUDIO SEONG
스트라이크진,strikejean
스페트로,SPETTRO
스프리스,spris
슬로우 유니버스,SLOWUNIVERSE
슬로우어텐션,SLOW ATTENTION
슬로우포크,slowpoke
슬로우휴먼,SLOW HUMAN
슬릭앤이지,SLICK AND EASY
시그니처,SIGNATURE
시니문,SHINYMOON
실리파인트,SILIPINT
심플 어센틱,Simple Authentic
심플레인,simplain
싱커루프,SINKERLOOP
싱크,SYNC
싹,SAKK
써치410,SEARCH410
써티투던,32DAWN
써틴먼스,13month
쎄쎄쎄,SETSETSET
쏘리투머치러브,SORRY TOO MUCH LOVE
쏜가먼츠,SownGarments
쓰리노크스,threeknocks
씨오큐,COQ
아노트,annot
아담스피치,ADAMS PEACH
아더댄,otherthan
아더로브,ardorobe
아덱스,ADEXE
아디다스,adidas
아디다스,ADIDAS
아디다스,ADIDAS
아뜰리에 일 마노,ATELIER IL MANO
아띠퓨어,ATTIPURE
아라크나인,ARAC.9
아르덴티 벨로나,Ardent Vellona
아르반,areuban
아르센루베,Arsenelube
아르스콘택트,ars contact
아를,Arles
아메리칸 어패럴,AMERICAN APPAREL
아메스 월드와이드,AMES WORLDWIDE
아몬무브먼트,AMONmovement
아미드 어플로즈,amid applause
아비쏘,AVVISO
아식스,ASICS
아식스,asics
아울나인티원,OWLNINETYONE
아웃도어프로덕트,Outdoor Products
아웃셀,OUTSHELL
아워덴티티,OURDENTITY
아워셀브스,Ourselves
아워스코프,OURSCOPE
아이니드세터데이(아니쎄),I NEED SATURDAY
아이디얼 모먼트,IDEAL MOMENT
아이러니포르노,IRONYPORNO
아이멀크,IMIRK
아이아이,EYEYE
아일랜드 슬리퍼,Island Slipper
아카우,AKAW
아케이드코드,ARCADECODE
아코스튜디오스페이스,AQOSTUDIOSPACE
아크코펜하겐,ARKK COPENHAGEN
아트이프액츠,Art if acts
아티스트웨어,ARTISTWEAR
아파즈,AFFAZ
아프로즈,APHROSE
아헤,AHE
안드레스 샌드라,Andres Sendra
알디씨,RDC
알에스브이피,RSVP
알엔엠에스,RNMS
알와이오오,RYOO
알파인더스트리,ALPHA INDUSTRIES
암피스트,AMFEAST
애드오프,ADDOFF
애플,Apple
앤니즈,&needs
앤드 뉴스탠다드,AND NEWSTANDARD
앤버튼,ANDBUTTON
앤세이,ANDSAY
앤오즈,ANODDS
앤커,ANKER
앨빈클로,ALVINCLO
앵글런,Anglan
야세,YASE
얀13,YAN13
어그먼트 레이어,Augment Layer
어나더리더,ANOTHER LEADER
어나더브릿지,Another Bridge
어나더에이,ANOTHERA
어나더원,Another one
어나더유스,ANOTHERYOUTH
어네이티브,A.NATIVE
어더스,EARTHUS
어드벤텀,ADVENTUM
어뮤즈멜로우,AMUSEMELLOW
어반디타입,URBANDTYPE
어반플레이어스,urbanplayers
어셈블스테이션,Assemblestation
어썸듀,AWESOME DEW
어텐션로우,ATTENTIONROW
어패럴싯,apparelxit
어퍼스트로피 콤마,Apostrophe Comma
어프어프,EARPEARP
언네임드,UNNAMED
언노우드,UNNOWOOD
언노운,UNNOWN
언놈,UNNORM
언더라벨,underlabel
언더아머,UNDER ARMOUR
언더아머,UNDERARMOUR
언더아머,uner armour
언더유스,UNDERYOUTH
언더컨트롤,UNDERCONTROL
언더컨트롤 스튜디오,UNDERCONTROL STUDIO
언리미트,UNLIMIT
언아웃핏,ANOUTFIT
언에디트,ANEDIT
언커맨,UNCOMMEN
언컨스트레인드,UNCONSTRAINED
언히든,UNHIDDEN
에노우,ENOU
에덴숑,EDENCHIEN
에드리엘로스,ADLIELOS
에드워드맥스,EDWARDMAX
에르디,ERD
에번라포레,EVAN LAFORET
에브리웨어,everywear
에스엘씨제트,SLCZ
에스엘지디자인,SLG
에스터리스크,ESTERISK
에스티알피,STRP
에스파이,ESFAI
에스파이벗,ASPIVOT
에쏘피,esopie
에어그립,AIRGRIP
에어로빅스,AEROBICS
에어토리,AIRTORY
에어팟,Airpot
에이드,ADE
에이린,EIRIN
에이멘테,A.MENTE
에이엠엔,AMN
에이전트픽,Agent Peek
에이치블레이드,heich blade
에이치와이엠,HYM originals
에이치유이,HUE
에이치투오포케이나인,H2O4K9
에이카 화이트,AECA WHITE
에이트디비젼,8DIVISION
에임스 스튜디오,AIMS studios
에코페이스,ECOFACE
에크릿,Écrit
에토,ATOH
에프더블유더블유엘,FWWL
에피스틀,Epistel
엑셀시오르,EXCELSIOR
엑소택,EXOTAC
엑스와이,EXYAIW
엑스톤즈,XTONZ
엔빌,ANVIL
엔오티,nomadic
엔젤삭스,ANGELSOCKS
엘노어,ELNORE
엘라고,Elago
엘엘빈,L.L.Bean
엠니,M.Nii
엠앤엘,MNL
엠피지,MPG
엽페,YUPPE
영브릿지,YOUNG BRIDGE
영월정션,youngwalljunction
예루살렘 샌들,JERUSALEM SANDALS
예스이지,YESEASY
오그램,Ogram
오니츠카타이거,ONITSUKA
오니츠카타이거,onitsukatiger
오더플리즈,Orderplease
오드스튜디오,ODDSTUDIO
오디너리피플,ORDINARY PEOPLE
오로비앙코,OROBIANCO
오메가글러브,OMEGA GLOVES
오버다인,OVERDINE
오버랩,OVRLAB
오버캐스트,OVERCAST
오베이,OBEY
오블리크,OBLIQUE
오비지,OBG
오씨씨,OCC
오오아,OOA
오파츠,ooparts
오프더레코드,OFF THE RECORD
옥타곤 4D+,Octagon 4D+
온포트,OWNPORT
올뉴프레임,ALL NEW FRAME
올드 크로우,OLD CROW
올드비,OLDBē
올인컴플리트,ALLINCOMPLETE
올클래식,ALLCLASSIC
올타임오리지널,ALL TIME ORIGINAL
올투스 바스터즈,ORTUS VASTERDS
와니지,WANYZ
와르,WAAR
와우뷰,wowview
와이 낫 씨,Y - Not C
와이케이,waikei
와일드브릭스,WILD BRICKS
왓치아웃베이비,watchoutbaby
우네리,UNERI
우빙,WOOVING
우알롱,WOOALONG
우주스튜디오,WUZU STUDIO
운무,WOONU
울랄라,ULLALA
울트라웨이브,ULTRAWAVE
울파워,WOOLPOWER
워커스,Workers
원 라운드 잭,One Round Jack
월간 오브제,monthly objet
월페인터,wallpainter
웨어리즈,WEARIS
웨이브건,WAVE GUN
웨이브유니온,Wave union
웨이비니스,Waviness
웨이즈,WAZE
웨이크미업,WAKEMEUP
웰트,WELT
위더로드,WETHEROAD
위캔더스,WKNDRS
윌도,WILDO
윔지마인드,Whimsy Mind
유나이티드바이블루,UNITED BY BLUE
유니드가먼츠,YOU NEED GARMENTS
유니스,YouNess
유니온오브제,UNIONOBJET
유니제이,UNIJ
유니프레임,UNIFLAME
유닉에이,UNIC+A
유리메라,urimera
유즈드퓨처,USED FUTURE
유지,YUJI
음양,yinyang
이 ON 테스트,Onflou Test
이고,EGO
이노트,ENOT
이니그마,Enigma
이머전시,EMERGENCY
이모션플래닛,EMOTION PLANET
이스트인디고,EASTINDIGO
이스틸로,EASTILO
이십오퍼센테이지,25percentage
이아,EAAH
이에스씨스튜디오,ESC STUDIO
이에스알,ESR
이에스엔,ESN
이올로,IOLO
이음,E-um
이제이노리,EJNOLEE
이지무이,EASYMUE
이지스피릿,EASY SPIRIT
이히앤두,ichndu
인더로우,INTHERAW
인로우스,INROWS
인리치,ENRICH
인비저블,INVISIBLE
인스턴트서플라이,instantsupplyco.
인타,INTAR
인티마레,INTIMARE
인필더디자인,INFIELDER DESIGN
잇츠백,ITSBAG
잇츠션,ITsEAN
자딕,JADIC
자르,Jarre
잔스포츠,jansport
저스트크래프트,JUST CRAFT
점프프롬페이퍼,JumpFromPaper
제너두웍스,XNADUWORKS
제네바,Geneva
제로러기지,ZERO LUGGAGE
제로무브,ZEROMOVE
제옥스,GEOX
제이디마켓,jdmarket
제이레터,J.letter
제이온벨,JEONBELL
제트디에이,ZDA
젠하이저,SENNHEISER
져지팩토리,jerseyfactory
조셉트,josepht
조질롱,JojiLong
졸리,Jolly
주드맥콜,judemccall
주앙옴므,JUAN HOMME
쥬욕,ZOO YORK
지엠에이치,GMH
지윤느,JIIYOONNE
지피오 레트로,GPO RETRO
차마스포츠랩,chamasportslab
차코,chaco
채드프롬,Chad Prom
챔피언,CHAMPION
챔피온,CHAMPION
챔피온,champion
챔피온,Champion
첨스,CHUMS
체인지 이즈 찬스,CHANGE IS CHANCE
첼바,CeLLVA
카네브로스,CANEBROS
카미노스트릿,caminostreet
칼디카바스,kaldi kabas
칼하트,CARHARTT
칼하트WIP,CARHARTT WIP
캐스트롬,CASSTROM
캐치볼,CATCHBALL
캐피디자인,KAPPY DESIGN
캔리프,canleap
캘빈클라인,Calvin Klein
캠브릿지사첼,CAMBRIDGE SATCHEL
캠프사이드,Campside
커렌트,CURRENT
커렌트,current
커먼센스,commonsense
커먼스탠다드,COMMON STANDARD
커밋체어,KERMIT CHAIR
커버프렌즈,COVERFRIENDS
커스텀에이드 리퍼블릭,CUSTOMADE REPUBLIC
커스텀플라스틱,KUSTOM PLASTIC
컨버스,CONVERSE
컨셉트컬리지,conceptcollege
컨츄리파우더,COUNTRYPOWDER
컴포트 컬러즈,COMFORT COLORS
케네스콜,KENNETH COLE
케네스콜,KENNETH COLE
케리울른밀즈,KERRY WOOLLEN MILLS
케이스로직,CASELOGIC
케인 피오니어,KEIN PIONIER
켄트,KENT
코르카,CORCA
코모레비,KORMOREBI
코어브라스,corebrass
코우코우,COUCOU
코유,KOYU
코이즈미,KOIZUMI
코치,COACH
코쿤,COCOON
코큐,kokyuu
코텍,KOTHEK
코튼벨,Cottonbell
콘트로바날레,CONTROBANAL3
콘페이토,CONFEITO
콜드웜,COLDWARM
콜마,colmar
콜카,KOLCA
콩 에이치투오,KONG H2O
콰시,QUACI
쿠드기어,COOD GEAR
쿠오트,quote
쿼르코어,QUARQOR
쿼크,quark
큐씨와이,QCY
크로마농,CROMANONG
크로스드레슬리,CROSSDRESSLY
크록스,CROCS
크루셜,CRUCIAL
크루치,KRUCHI
크루클린,CROOKLYN
클라우머니,clawmoney
클락스,CLARKS
클랩피자,clappizza
클레클레,clecle
클렛,CLET
클로띵스,clothinks
클로즈뮤지엄,CLOTHESMUSEUM
클립스어반,CLIPSURBAN
키데이,KIDAY
키매,KKIMAE
키먼,keymun
키치 스튜디오,Kitch Studio
키치니,KITCHNY
키치클럽,KITCH CLUB
키친에이드,KitchenAid
키픔,KEEP'EM
킨,KEEN
킴클로딩,KIM CLOTHING
킷시,keithssy
킹베리,KINGVERY
킹스톤,Kingston
킹아카이브,THE K-ING ARCHIVES
타마니와,TAMANIWA
타미진스,TOMMY JEANS
타미힐피거,TOMMY HILFIGER
타미힐피거,Tommy Hilfiger
타미힐피거,tommy hilfiger
타미힐피거 시계,tommy hilfiger watch
타이온,TAION
탄탄웨어,TANTANWEAR
탈렌,TALEN
탐스,TOMS
탐탁,tomtoc
탠더랩,tenderlab
테드베이커,TED BAKER
테이스트 오브 에센스,Taste Of Essence
텔릭,TELIC
템포로리.서울,TEMPORARY.SEOUL
톤노22,TONNO22
톰맥켄,ThomMcAn
톰브라운,THOM BROWNE
투니슨,TOONISON
투모로우오브젝트,Tomorrow Object
투문,Two Moon
투에프로우,2FLOW
툴러드,TOOLORED
툴레,THULE
툴스 비씨8000,TOOLS BC8000
트라이브,TRIBE
트래블블루,Travel Blue
트레셔,THRASHER
트리플에이,AAA
트릴리온,TRILLION
틀영,TLEYOUNG
티볼리오디오,Tivoli Audio
티엠오 바이 써틴먼스,TMO BY 13MONTH
티티티타입,tttType
팀버랜드,Timberland
파나컬트,FANACULT
파라시아,Paracia
파르아비옹,Par Avion
파르티멘토,PARTIMENTO
파소티,PASOTTI
파스코로젠,PASCOROZEN
파스텔 클라우드,PASTEL CLOUD
파우즈앤브레이크,pause&break
파이,ffai
파이브 브라더,Five Brother
파이살론,PI-SALON
파인드칠린,FIND CHILLIN
파타고니아,PATAGONIA
파퓸드팜므,PARFUM DE FEMME
팔라스,Palace
팝소켓,POPSOCKETS
팬암,PAN AM
퍼블리쉬,PUBLISH
퍼펙트코너,PERFECT CORNER
펄리모어,PEARLY MORE
펌리,Firmly
페더웍스,featherworks
페몬트,pemont
페이스풀,FAITHFUL
페이탈리즘,FATALISM
페이퍼보이,PAPERBOY
펜들턴,PENDLETON
펠라스1932,FELLAS1932
포니,PONY
포비엘,For.B.L
포셉,FOCEPS
포쉬프로젝트,poshproject
포스333,PHOS333
포이어,FOYER
포즈간츠,poseganch
포지오,FOZIO
포콤마,FOURCOMMA
포텐,POTEN
폰,PON
폴 코어,paul core
폴로 랄프 로렌,Polo Ralph Lauren
폴로 랄프 로렌 언더웨어,POLO RALPH LAUREN UNDER WEAR
폴브레이크,fall break
폴브레이크,fall break
푸마,PUMA
푸마,PUMA
푸쉬크리에이트,PUSH CREATE
프라이하잇,FREIHEIT
프랭크 제이 2007,FRANK J 2007
프레임헌트,FRAMEHUNT
프렌다 프롬 플랜트,PRENDA FROM PLANT
프로드셔츠,PRODESHIRT
프롬마크,FROMMARK
프루이,FRUI
프룻오브더룸,FRUIT OF THE LOOM
프리저브드스테이션,PRESERVED STATION
프리키쉬빌딩,FREAKISHBUILDING
프릭스,FREAKS
프린트스타,PRINTSTAR
프린트스타,PRINTSTAR
플래토,PLATEAU
플러스 마스크,PLUS MASK
플레이버리즘,FLAVORISM
플로리다스튜디오,FLORIDASTUDIO
플롯어플롯,plotaplot
플루크,Fluke
플리에르,FLIAER
피그밀리언,PIGMILLION
피버미닛,FEVERMINUTE
피버타임,FEVERTIME
피안,PIAN
픽앤롤,PICK N ROLL
필드매뉴얼,FIELDMANUAL
필로비스놑,filobisknot
필시크,fillchic
핏플랍,FITFLOP
하 아카이브,HAH ARCHIVE
하(haa'),haa'
하딩레인,Hardinglane
하루타,HARUTA
하바이아나스,HAVAIANAS
하와이,HOWHY
하이드,HIDE
하이시에라,HIGH SIERRA
하이텍,HI-TEC
하트클럽,HEARTCLUB
하품,hapooooom
하프 페니,HALF PENNI
해브낫해브,havenothave
해브오프듀티,HAVEOFFDUTY
해브해드,HAVEHAD
해비즘,HAVISM
해츠토리,HATSTORY
핸드쉐이크,HANDSHAKE
핸드헬드,handheld
햇피,HATPPY
허비쉬,HUBBISH
헌터,HUNTER
헤게모니블랙,HEGEMONYBLACK
헤드랑,Headrang
헤시테그나인,HASHTAG 9
헤이데이,heyday
헤이마르티니,heyMARTINI
헤이에디,HEY EDDY
헤이플,heipeul
헤인즈,Hanes
헬레,HELLE
호브로,HOBRO
호족반,hojokban
화이트크래프트,WHITE KRAFT
화이트프로젝트,WHITE PROJECT
후원스투칠,WhoWantsToChill
후즈하비몰,whoshobbymall
휠라,FILA
휴맥스,HUMAX
휴스타드,hustad
흐꺙,REQINS
힐레베르그,Hilleberg
힐탑,HEELTOP
ARTISIAN,ARTISIAN[아티시안]
더블에이씨,AAC
아노트,annot
아담스피치,ADAMS PEACH
아더로브,ardorobe
아덱스,ADEXE
아디다스,adidas
아디다스,ADIDAS
아디다스,ADIDAS
아뜰리에 일 마노,ATELIER IL MANO
아띠퓨어,ATTIPURE
아라크나인,ARAC.9
아르덴티 벨로나,Ardent Vellona
아르반,areuban
아르센루베,Arsenelube
아르스콘택트,ars contact
아를,Arles
아메리칸 어패럴,AMERICAN APPAREL
아메스 월드와이드,AMES WORLDWIDE
아몬무브먼트,AMONmovement
아미드 어플로즈,amid applause
아비쏘,AVVISO
아식스,ASICS
아식스,asics
아카우,AKAW
아케이드코드,ARCADECODE
아코스튜디오스페이스,AQOSTUDIOSPACE
아크코펜하겐,ARKK COPENHAGEN
아트이프액츠,Art if acts
아티스트웨어,ARTISTWEAR
아파즈,AFFAZ
아프로즈,APHROSE
아헤,AHE
안드레스 샌드라,Andres Sendra
알파인더스트리,ALPHA INDUSTRIES
암피스트,AMFEAST
애드오프,ADDOFF
애플,Apple
앤드 뉴스탠다드,AND NEWSTANDARD
앤버튼,ANDBUTTON
앤세이,ANDSAY
앤오즈,ANODDS
앤커,ANKER
앨빈클로,ALVINCLO
앵글런,Anglan
어그먼트 레이어,Augment Layer
어나더리더,ANOTHER LEADER
어나더브릿지,Another Bridge
어나더에이,ANOTHERA
어나더원,Another one
어나더유스,ANOTHERYOUTH
어네이티브,A.NATIVE
어드벤텀,ADVENTUM
어뮤즈멜로우,AMUSEMELLOW
어셈블스테이션,Assemblestation
어썸듀,AWESOME DEW
어텐션로우,ATTENTIONROW
어패럴싯,apparelxit
어퍼스트로피 콤마,Apostrophe Comma
언아웃핏,ANOUTFIT
언에디트,ANEDIT
에드리엘로스,ADLIELOS
에스파이벗,ASPIVOT
에어그립,AIRGRIP
에어로빅스,AEROBICS
에어토리,AIRTORY
에어팟,Airpot
에이드,ADE
에이멘테,A.MENTE
에이엠엔,AMN
에이전트픽,Agent Peek
에이카 화이트,AECA WHITE
에임스 스튜디오,AIMS studios
에토,ATOH
엔빌,ANVIL
엔젤삭스,ANGELSOCKS
올뉴프레임,ALL NEW FRAME
올인컴플리트,ALLINCOMPLETE
올클래식,ALLCLASSIC
올타임오리지널,ALL TIME ORIGINAL
트리플에이,AAA
BVH EYEWEAR,BVH EYEWEAR
BYBE,B.E. STUDIO
바넬,banale
바버,BARBOUR
바스,BASS
바스토,BASTOW
바우스,BAUHS
바이바이섭,bibyseob
바이바이올,BYEBYALL
바이얼민스,byallmins
바이엘,BYL
바이플래퍼,BIFLAPPER
박스앤콕스,Box&Cox
반츠,BANTS
발루트,BALLUTE
발코니,BALCONY
배주안,baezuan
백컨트리,BACKCOUNTRY
뱅어스,Bangers
버켄스탁,BIRKENSTOCK
버켄스탁,BIRKENSTOCK
버튼서울,Button Seoul
벌스데이수트,Birthdaysuit
벗딥,butdeep
베러댄88,Betterthan88
베어파우,BEARWPAW
베이스클레프,bassclef
베이오프,BEIOFF
베이컨박스,BACON BOX
벤 데이비스,BEN DAVIS
벤데이비스,BEN DAVIS
벤시몽,BENSIMON
벨라빠우라,Bella Paura
벨룻,Belluet
벨리프,bellief
보글,bogle
보니블라,BONIBLAH
보이센트럴,boycentral
부스틱서플라이,boosticsupply
불가코프,BULGAKOV
붐작,BOOMZAC
뷰티풀데이즈,Beautiful Days
브라더 브릿지,Brother Bridge
브라디포,Bradipo
브라운브레스,BROWNBREATH
브랜즈,BRANS
브런트,BRUNT
브루먼,Bruman
브리사/엔조,BRISA/ENZO
브릭,brick
블랙하인드,BLACKHIND
블랭크,BLANK
블런트,BLUNT
블렌드,BLND
블론드나인,BLOND9
블루에어,Blueair
블릭베이크,Bleak Bake
비비와이비,BBYB
비얼디드키드,BEARDEDKID
비에스큐티바이클래시,BSQTbyclassy
비온코리아,biionkorea
비치플레이바,Beach Flava
비트니크,BEATNIK
비파인,BEFINE
빅유니온,BIG UNION
빅유니온,BIG UNION
빌리스앤코,Billys&Co
빌리언즈,BILLIONS
빌트,Built
CIG,cigcompany
COETERNAL,COETERNAL
CPGN,CPGN
CP컴퍼니,CP COMPANY
crossphonez,crossphonez
까트린,CATTLINE
꾸올레,CUORE
셰르뚜아 서울,CHERTOI SEOUL
슈엣뜨샤폐,CHOUETTE SAPE
씨오큐,COQ
차마스포츠랩,chamasportslab
차코,chaco
채드프롬,Chad Prom
챔피언,CHAMPION
챔피온,CHAMPION
챔피온,champion
챔피온,Champion
첨스,CHUMS
체인지 이즈 찬스,CHANGE IS CHANCE
첼바,CeLLVA
카네브로스,CANEBROS
카미노스트릿,caminostreet
칼하트,CARHARTT
칼하트WIP,CARHARTT WIP
캐스트롬,CASSTROM
캐치볼,CATCHBALL
캔리프,canleap
캘빈클라인,Calvin Klein
캠브릿지사첼,CAMBRIDGE SATCHEL
캠프사이드,Campside
커렌트,CURRENT
커렌트,current
커먼센스,commonsense
커먼스탠다드,COMMON STANDARD
커버프렌즈,COVERFRIENDS
커스텀에이드 리퍼블릭,CUSTOMADE REPUBLIC
컨버스,CONVERSE
컨셉트컬리지,conceptcollege
컨츄리파우더,COUNTRYPOWDER
컴포트 컬러즈,COMFORT COLORS
케이스로직,CASELOGIC
코르카,CORCA
코어브라스,corebrass
코우코우,COUCOU
코치,COACH
코쿤,COCOON
코튼벨,Cottonbell
콘트로바날레,CONTROBANAL3
콘페이토,CONFEITO
콜드웜,COLDWARM
콜마,colmar
쿠드기어,COOD GEAR
크로마농,CROMANONG
크로스드레슬리,CROSSDRESSLY
크록스,CROCS
크루셜,CRUCIAL
크루클린,CROOKLYN
클라우머니,clawmoney
클락스,CLARKS
클랩피자,clappizza
클레클레,clecle
클렛,CLET
클로띵스,clothinks
클로즈뮤지엄,CLOTHESMUSEUM
클립스어반,CLIPSURBAN
다운타우너,downtowner
다이아노바,DIANOVA
다츠다츠,dotsdots
닥터마틴,DR.MARTENS
더블린,DUBLINWARE(DLWE)
덕다이브,DUCKDIVE
덕스,DUXS
데리,DERHY
데미지니모닉,DAMAGE MNEMONIC
데이다프,DAYDAF
데호,DEHO
델디오,DELDIO
도미넌트,DOMINANT
돈키,DONKIE
돌핀웨이브,DOLPHINWAVE
돔바,DOMBA
두마딴,DU MATIN
듀테로,DEUTERO
드라이프,DRIFE
드림월드,DreamWorld
드제메르,DZEMER
드퐁,defond
드하모니,DELHARMONIE
디그낙12,D.GNAK12
디그레,DGRE
디미트리블랙,DIMITRIBLACK
디센디스,DISENDIS
디스커버리,Discovery
디스펑트,DYSFUNCT
디어쿠스틱,D acoustics
디어피어,dearpeer
디쿠마,Dcuma
디파르베,dfarbe
딘스,DEANS
EASE,EASE
기타,ETC
아이아이,EYEYE
어더스,EARTHUS
어프어프,EARPEARP
에노우,ENOU
에덴숑,EDENCHIEN
에드워드맥스,EDWARDMAX
에르디,ERD
에번라포레,EVAN LAFORET
에브리웨어,everywear
에스터리스크,ESTERISK
에스파이,ESFAI
에쏘피,esopie
에이린,EIRIN
에코페이스,ECOFACE
에피스틀,Epistel
엑셀시오르,EXCELSIOR
엑소택,EXOTAC
엑스와이,EXYAIW
엘노어,ELNORE
엘라고,Elago
이고,EGO
이노트,ENOT
이니그마,Enigma
이머전시,EMERGENCY
이모션플래닛,EMOTION PLANET
이스트인디고,EASTINDIGO
이스틸로,EASTILO
이아,EAAH
이에스씨스튜디오,ESC STUDIO
이에스알,ESR
이에스엔,ESN
이음,E-um
이제이노리,EJNOLEE
이지무이,EASYMUE
이지스피릿,EASY SPIRIT
인리치,ENRICH
F94,flight94clothing
FINGERBALL,FINGERBALL
FULL-BK,FULL-BK
에프더블유더블유엘,FWWL
파나컬트,FANACULT
파이,ffai
파이브 브라더,Five Brother
파인드칠린,FIND CHILLIN
펌리,Firmly
페더웍스,featherworks
페이스풀,FAITHFUL
페이탈리즘,FATALISM
펠라스1932,FELLAS1932
포비엘,For.B.L
포셉,FOCEPS
포이어,FOYER
포지오,FOZIO
포콤마,FOURCOMMA
폴브레이크,fall break
폴브레이크,fall break
프라이하잇,FREIHEIT
프랭크 제이 2007,FRANK J 2007
프레임헌트,FRAMEHUNT
프롬마크,FROMMARK
프루이,FRUI
프룻오브더룸,FRUIT OF THE LOOM
프리키쉬빌딩,FREAKISHBUILDING
프릭스,FREAKS
플레이버리즘,FLAVORISM
플로리다스튜디오,FLORIDASTUDIO
플루크,Fluke
플리에르,FLIAER
피버미닛,FEVERMINUTE
피버타임,FEVERTIME
필드매뉴얼,FIELDMANUAL
필로비스놑,filobisknot
필시크,fillchic
핏플랍,FITFLOP
휠라,FILA
가로,GARO
가마스,GAMAS
가먼트레이블,GARMENTLABLE
가민,Garmin
객,GAC
겐지아이웨어,GENZIE
고마워,gomawo
고저,GOZER
고콧,GO-KOT
골드파일,GOLD PFEIL
골든아울,GOLDEN OWL
골든펫,GOLDENPET
공백,GONGBAEK
굿라이프웍스,Goodlifeworks
그라미치,GRAMICCI
그랑스포스,GRANSFORS
그래니트기어,GRANITE GEAR
그레고리,GREGORY
그레이굿즈,graygoods
그레이브볼트,Gravevault
그롭스,GROFS
글래드핸드 컴파니,GLAD HAND Co.
글런든,grunden
글리머,GLIMMER
글림퍼,grimper
긱타,GEEKTA
길단,GILDAN
길프,Guil.F
제네바,Geneva
제옥스,GEOX
지엠에이치,GMH
지피오 레트로,GPO RETRO
에이치블레이드,heich blade
에이치와이엠,HYM originals
에이치유이,HUE
에이치투오포케이나인,H2O4K9
하 아카이브,HAH ARCHIVE
하(haa'),haa'
하딩레인,Hardinglane
하루타,HARUTA
하바이아나스,HAVAIANAS
하와이,HOWHY
하이드,HIDE
하이시에라,HIGH SIERRA
하이텍,HI-TEC
하트클럽,HEARTCLUB
하품,hapooooom
하프 페니,HALF PENNI
해브낫해브,havenothave
해브오프듀티,HAVEOFFDUTY
해브해드,HAVEHAD
해비즘,HAVISM
해츠토리,HATSTORY
핸드쉐이크,HANDSHAKE
핸드헬드,handheld
햇피,HATPPY
허비쉬,HUBBISH
헌터,HUNTER
헤게모니블랙,HEGEMONYBLACK
헤드랑,Headrang
헤시테그나인,HASHTAG 9
헤이데이,heyday
헤이마르티니,heyMARTINI
헤이에디,HEY EDDY
헤이플,heipeul
헤인즈,Hanes
헬레,HELLE
호브로,HOBRO
호족반,hojokban
휴맥스,HUMAX
휴스타드,hustad
힐레베르그,Hilleberg
힐탑,HEELTOP
아이니드세터데이(아니쎄),I NEED SATURDAY
아이디얼 모먼트,IDEAL MOMENT
아이러니포르노,IRONYPORNO
아이멀크,IMIRK
아일랜드 슬리퍼,Island Slipper
이올로,IOLO
이히앤두,ichndu
인더로우,INTHERAW
인로우스,INROWS
인비저블,INVISIBLE
인스턴트서플라이,instantsupplyco.
인타,INTAR
인티마레,INTIMARE
인필더디자인,INFIELDER DESIGN
잇츠백,ITSBAG
잇츠션,ITsEAN
jijivisha,jijivisha
예루살렘 샌들,JERUSALEM SANDALS
자딕,JADIC
자르,Jarre
잔스포츠,jansport
저스트크래프트,JUST CRAFT
점프프롬페이퍼,JumpFromPaper
제이디마켓,jdmarket
제이레터,J.letter
제이온벨,JEONBELL
져지팩토리,jerseyfactory
조셉트,josepht
조질롱,JojiLong
졸리,Jolly
주드맥콜,judemccall
주앙옴므,JUAN HOMME
지윤느,JIIYOONNE
니커보커,Knickerbocker
니틀리,knitly
칼디카바스,kaldi kabas
캐피디자인,KAPPY DESIGN
커밋체어,KERMIT CHAIR
커스텀플라스틱,KUSTOM PLASTIC
케네스콜,KENNETH COLE
케네스콜,KENNETH COLE
케리울른밀즈,KERRY WOOLLEN MILLS
케인 피오니어,KEIN PIONIER
켄트,KENT
코모레비,KORMOREBI
코유,KOYU
코이즈미,KOIZUMI
코큐,kokyuu
코텍,KOTHEK
콜카,KOLCA
콩 에이치투오,KONG H2O
크루치,KRUCHI
키데이,KIDAY
키매,KKIMAE
키먼,keymun
키치 스튜디오,Kitch Studio
키치니,KITCHNY
키치클럽,KITCH CLUB
키친에이드,KitchenAid
키픔,KEEP'EM
킨,KEEN
킴클로딩,KIM CLOTHING
킷시,keithssy
킹베리,KINGVERY
킹스톤,Kingston
LAB12,LABTWELVE
라르고,LARGO
라미네즈,LAMINEZ
라반타노,LA VANTANO
라벨로그,Labelogue
라부아뜨,La Boite
라비스타,LAVISTA
라운지 에이피티,Lounge APT
라이온스틸,LIONSTEEL
라이크 캔디,LIKE CANDY
라이트문로65,LIGHT MOON RO 65
라이프아카이브,LIFE Archive
라인 프렌즈,Line Friends
라코스테,LACOSTE
라코스테,LACOSTE
랩101,LAB101
러그즈,Lugz
러브웨이브,LOVEWAVE
러브참,LOVE CHARM
럭키플래닛,LUCKY PLANET
레미유,LEMIU
레이디볼륨,LADYVOLUME
레이어 유니온,LAYER UNION
레이지던,Lazydawn
레이지선데이,LAZYSUNDAY
레터프롬문,LETTER FROM MOON
레테르코모,Letter_como
레투,LE2
레프트,Left
로로몬도,LOROMONDO
로스트가든,LOSTGARDEN
로에일,LOEIL
로엘,loel
로컬스온리,localsonly
로케이트,LOCATE
론트,LOHNT
롱베케이션,Long vacation
루시르주,Lucir zu
루오니어,LUONEER
루오에스팩,LUOESPAC
루카디스,LOOKATHIS
룩어라운드,Lookarrround
르,LE
르드망쉬,le dimanche
르씨,lxxi
르아르,LEIRE
리,LEE
리브라톤,Libratone
리뽀,Lipault
리영,LEE YOUNG
리우 옴므,LIEU HOMME
리필즈,LEEFIELDS
릴리오,LILIO
엘엘빈,L.L.Bean
M.Y.O.B NYC,M.Y.O.B NYC
MARVEL,MARVEL
mnskseoul,mnskseoul
마나비스세븐,MANAVIS7
마르베테,MARBETE
마르트,marrt
마샬,Marshall
마이애미프로젝트,MIAMIPROJECT
마이퍼스트,myFirst
마티스더큐레이터,Matissethecurator
말렌,malen
말리부샌들,MALIBUSANDALS
매너그램,MANNERGRAM
매니퀸,mannequin
매드마르스,MADMARS
매드팩토리,madfactory
매디,MAEDY
매쉬,mash
매스노운,massnoun
맥아더,MacArthur
맨인정글,MEN IN JUNGLE
맨투고,MANTOGO
머즈,MERZE
멀릭,MERLIC
메버릭,MEVERICK
메시지인더삭스,MESSAGE IN THE SOCKS
메이드모먼,Mademoment
메이엘듀,MEIELDEW
메종키츠네,MAISON KITSUNE
메타퍼,METAPHER
메피스토,MEPHISTO
멕코이,MCCOII
멜로우어스,mellowus
멜리사,melissa
멜리사,Melissa
모노라운지,MONO LOUNGE
모노폴드,monofold
모더먼트,MODERMENT
모라나이프,MORAKNIV
모블러,MOBLER
모스,MOTH
모스트칙,Most Chic
모아,MOAA
모에모어,moemore
모지파워,Mojipower
모티브스트릿,MOTIVE STREET
몬스터리퍼블릭,MONSTER REPUBLIC
몰리올리,MOLLIOLLI
몰토,MOLTO
몽클레르,MONCLER
무무,MUMU
무민,MOOMIN
무스너클,MOOSEKNUCKLE
무아스,mooas
무아애,MUAYAE
무직타이거,muziktiger
무츄,MOOCHUU
뭄카,mumka
뮤토,MUTO
믈링,mling
미나스,minas
미니 멜리사,mini melissa
미니멀프로젝트,MINIMALPROJECT
미니멜리사,Mini Melissa
미드에어,MidAir
미스터머스타드스튜디오,MR.MUSTARD STUDIO
미스터차일드,MISTERCHILD
미스틱던,MISTICDUN
미테,MITTE
민타레트로,MINTARETRO
밀로,millo
밀로그램,MILLOGRAM
밀리언코르,MILLIONCOR
엠니,M.Nii
엠앤엘,MNL
엠피지,MPG
월간 오브제,monthly objet
NFFO,NFFO
NIKE,NIKE
Nura,Nura
나이쇼,NAISHO
나이키,NIKE
나이키,nike
나인윅스,nineweeks
나잇러브솔트,nightlovesalt
나파피리,NAPAPIJRI
날호,Nalho
내셔널 퍼블리시티,NATIONAL PUBLICITY
내추럴라이저,NATURALIZER
너트앤볼트,NUTANDBOLT
널,NUL
네임즈,names
노네임니드,NONAMENEED
노드스튜디오,NORD STUDIO
노르딕아일랜드,NORDICISLAND
노마딕,NOMADIC
노스씨클로딩,NORTH SEA CLOTHING
노스페이스,northface
노스페이스,NORTHFACE
노우트,nought
노운,noun
노이스트,NOIXTE
노이어,noirer
노이지,NOIZY
노이커먼,NOYCOMMON
노즈아이,NOZEYE
노클,NOCLE
노패스트노퓨쳐,NOPASTNOFUTURE
논논,NONENON
누아드비뉴,NOIR de VIGNE
누아믹,nueahmik
누엔타,NUENTA
누퍼,NUPER
뉴발란스,NEW BALANCE
뉴발란스,new blance
뉴스텔지아,Newstalgia
니달 캐시미어,Nidal CASHMERE
니어러,Nearer
닉앤니콜,NICK&NICOLE
엔오티,nomadic
스튜디오 오후,OHUUU
아더댄,otherthan
아울나인티원,OWLNINETYONE
아웃도어프로덕트,Outdoor Products
아웃셀,OUTSHELL
아워덴티티,OURDENTITY
아워셀브스,Ourselves
아워스코프,OURSCOPE
오그램,Ogram
오니츠카타이거,ONITSUKA
오니츠카타이거,onitsukatiger
오더플리즈,Orderplease
오드스튜디오,ODDSTUDIO
오디너리피플,ORDINARY PEOPLE
오로비앙코,OROBIANCO
오메가글러브,OMEGA GLOVES
오버다인,OVERDINE
오버랩,OVRLAB
오버캐스트,OVERCAST
오베이,OBEY
오블리크,OBLIQUE
오비지,OBG
오씨씨,OCC
오오아,OOA
오파츠,ooparts
오프더레코드,OFF THE RECORD
옥타곤 4D+,Octagon 4D+
온포트,OWNPORT
올드 크로우,OLD CROW
올드비,OLDBē
올투스 바스터즈,ORTUS VASTERDS
원 라운드 잭,One Round Jack
이 ON 테스트,Onflou Test
파라시아,Paracia
파르아비옹,Par Avion
파르티멘토,PARTIMENTO
파소티,PASOTTI
파스코로젠,PASCOROZEN
파스텔 클라우드,PASTEL CLOUD
파우즈앤브레이크,pause&break
파이살론,PI-SALON
파타고니아,PATAGONIA
파퓸드팜므,PARFUM DE FEMME
팔라스,Palace
팝소켓,POPSOCKETS
팬암,PAN AM
퍼블리쉬,PUBLISH
퍼펙트코너,PERFECT CORNER
펄리모어,PEARLY MORE
페몬트,pemont
페이퍼보이,PAPERBOY
펜들턴,PENDLETON
포니,PONY
포쉬프로젝트,poshproject
포스333,PHOS333
포즈간츠,poseganch
포텐,POTEN
폰,PON
폴 코어,paul core
폴로 랄프 로렌,Polo Ralph Lauren
폴로 랄프 로렌 언더웨어,POLO RALPH LAUREN UNDER WEAR
푸마,PUMA
푸마,PUMA
푸쉬크리에이트,PUSH CREATE
프렌다 프롬 플랜트,PRENDA FROM PLANT
프로드셔츠,PRODESHIRT
프리저브드스테이션,PRESERVED STATION
프린트스타,PRINTSTAR
프린트스타,PRINTSTAR
플래토,PLATEAU
플러스 마스크,PLUS MASK
플롯어플롯,plotaplot
피그밀리언,PIGMILLION
피안,PIAN
피에스메리제인,PSMARYJANE
픽앤롤,PICK N ROLL
콰시,QUACI
쿠오트,quote
쿼르코어,QUARQOR
쿼크,quark
큐씨와이,QCY
ROGIC,ROGIC
라드앤파,RADANDFAR
라디네오,RADINEO
라모랭,Ramolin
라온,ra_On
락포트,ROCKPORT
락피쉬,ROCKFISH
락피쉬웨더웨어,ROCKFISH WEATHERWEAR
란주,RANJU
래셔널,RATIONAL
러기드하우스,RUGGED HOUSE
러닝하이,RUNNING HIGH
러디칙스,ruddycheeks
러프사이드,rough side
레보,REVO
레아라킨,rhearockin
레인보우샌들,rainbow sandals
로맨틱무브,Romantic Move
로에스,RROES
로우로우,RAWROW
로우로우 (트렁크),RAWROW (TRUNK)
로이체,ROYCHE
로즈필드,ROSEFIELD
로켓북,Rocket Book
로희어패럴,ROHEE APPAREL
론다스튜디오,Ronda Studios
론론,RONRON
롸논,rwanontanto
루므,roomu
루악오디오,Ruark Audio
루즈엣르누와,rouge et le noir
루티네,Routine
리끌로우,RECLOW
리버스 서울,REVERSE seoul
리복,REEBOK
리복,REEBOK
리서포트,RESUPORT
리셀렉트,RESELECT
리슈브네이터,Reshoevn8r
리얼엑스,REAL X
리이,RERHEE
리프레임,REFRAME
리프로덕션 오브 파운드,Reproduction of found
리플라이퍼키,REFLYPERKY
리플레이,REPLAY
릴렉서블 키트,Relaxable Kit
립앤딥,RIPNDIP
링케이크,RINGCAKE
알디씨,RDC
알에스브이피,RSVP
알엔엠에스,RNMS
알와이오오,RYOO
흐꺙,REQINS
Smathers&Branson,Smathers&Branson
SOCIN,SOCIN
사이,SAI
사이,syee
사틸라,SATILA
삭스아일랜드,SOX ISLAND CO
산타크루즈,SANTACRUZ
살롱드욘,SALON DE YOHN
살롱드키,Salon de Kii
샌드파이퍼,SANDPIPER
샤카웨어,SHAKA WEAR
서울엑센트,Seoul Accent
선오브러브,SON OF LOVE
세미 베이스먼트,SEMI BASEMENT
세븐피겨스,seven figures
세비지,SAVAGE
세인트제임스,saintjames
세터,SATUR
센텐스,Sentence
센티본즈,SENTIBONES
셀크백,SELKBAG
셔터,shirter
소냐레바이,SOGNAREBY
소노베스토,SONOVESTO
소니아비아,soniavia
소버먼트,soverment
소어리움,SOWERIUM
소지,soji
소프터,SOFTUR
소피앤테일러,SOPHY&TAYLOR
손신발,sonshinbal
솔,SOLE
솔랩,SoleLab
솔티,Sortie
솔티플라워,SALTYFLOWER
쇼트뉴욕,SCHOTT N.Y.C
숄더패드,SHOULDERPAD
수디오,SUDIO
수묵화편백,SooMookHwa
수아레,SUARE
수코이,SOOKOI
수페르가,SUPERGA
쉬어로,SHERO
슈니크,sunique
슈어,SHURE
슈커스,SHOECUS
슈프림,SUPREME
스마스,SMAS
스부,SUBU
스웰맙,SWELLMOB
스윗피쉬,SWITFISH
스컬캔디,SkullCandy
스코노,SKONO
스퀘어라인,square line
스타비,STAR.B
스탠드업,STANDUP
스탠리큐브릭,STANLEYKUBRICK
스탠아드,STAN ARD
스텀블린,STUMBLIN
스테어,STARE
스테어슈즈,STARE
스테이지 네임,STAGE NAME
스테파니존슨,STEPHANIE JOHNSON
스토니,STON-E
스톡홀름신드롬,STOCKHOLMSYNDROME
스톰서퍼,STORM SUFFERS
스투시,STUSSY
스투시,Stussy
스튜디오 마치스,STUDIO MÄCHIS
스튜디오 싹스탑,STUDIO SOCKSTOP
스튜디오116,studio116
스튜디오성,STUDIO SEONG
스트라이크진,strikejean
스페트로,SPETTRO
스프리스,spris
슬로우 유니버스,SLOWUNIVERSE
슬로우어텐션,SLOW ATTENTION
슬로우포크,slowpoke
슬로우휴먼,SLOW HUMAN
슬릭앤이지,SLICK AND EASY
시그니처,SIGNATURE
시니문,SHINYMOON
실리파인트,SILIPINT
심플 어센틱,Simple Authentic
심플레인,simplain
싱커루프,SINKERLOOP
싱크,SYNC
싹,SAKK
써치410,SEARCH410
쎄쎄쎄,SETSETSET
쏘리투머치러브,SORRY TOO MUCH LOVE
쏜가먼츠,SownGarments
에스엘씨제트,SLCZ
에스엘지디자인,SLG
에스티알피,STRP
젠하이저,SENNHEISER
TETU,TETU
the JOHI:,the JOHI:
더 플러리스,The Flawless
더그레이티스트,THEGREATEST
더스토리,THESTORI
더에이본,the-abon
더타임이즈티킹,THETIMEISTICKING
더한올,THE HANOL
뎃츠잇,THAT'S IT
디얼스,THE EARTH
쓰리노크스,threeknocks
킹아카이브,THE K-ING ARCHIVES
타마니와,TAMANIWA
타미진스,TOMMY JEANS
타미힐피거,TOMMY HILFIGER
타미힐피거,Tommy Hilfiger
타미힐피거,tommy hilfiger
타미힐피거 시계,tommy hilfiger watch
타이온,TAION
탄탄웨어,TANTANWEAR
탈렌,TALEN
탐스,TOMS
탐탁,tomtoc
탠더랩,tenderlab
테드베이커,TED BAKER
테이스트 오브 에센스,Taste Of Essence
텔릭,TELIC
템포로리.서울,TEMPORARY.SEOUL
톤노22,TONNO22
톰맥켄,ThomMcAn
톰브라운,THOM BROWNE
투니슨,TOONISON
투모로우오브젝트,Tomorrow Object
투문,Two Moon
툴러드,TOOLORED
툴레,THULE
툴스 비씨8000,TOOLS BC8000
트라이브,TRIBE
트래블블루,Travel Blue
트레셔,THRASHER
트릴리온,TRILLION
틀영,TLEYOUNG
티볼리오디오,Tivoli Audio
티엠오 바이 써틴먼스,TMO BY 13MONTH
티티티타입,tttType
팀버랜드,Timberland
UANDLC,UANDLC
ucberkeley,ucberkeley
어반디타입,URBANDTYPE
어반플레이어스,urbanplayers
언네임드,UNNAMED
언노우드,UNNOWOOD
언노운,UNNOWN
언놈,UNNORM
언더라벨,underlabel
언더아머,UNDER ARMOUR
언더아머,UNDERARMOUR
언더아머,uner armour
언더유스,UNDERYOUTH
언더컨트롤,UNDERCONTROL
언더컨트롤 스튜디오,UNDERCONTROL STUDIO
언리미트,UNLIMIT
언커맨,UNCOMMEN
언컨스트레인드,UNCONSTRAINED
언히든,UNHIDDEN
우네리,UNERI
울랄라,ULLALA
울트라웨이브,ULTRAWAVE
유나이티드바이블루,UNITED BY BLUE
유니온오브제,UNIONOBJET
유니제이,UNIJ
유니프레임,UNIFLAME
유닉에이,UNIC+A
유리메라,urimera
유즈드퓨처,USED FUTURE
바스틱,vastic
바이닉,Vynic
바잘,VARZAR
바토즈,vatoz
반스,VANS
반스,VANS
반스,VANS
반원,VANONE
밸럽,VALLUV
버바팀,Verbatim
베르노,Verno
베르에누아,VERT ET NOIR
베일가,VEILGA
벤톨레이션,VENTOLATION
벤톨레이션,Ventolation
보일블랑쉐,volie blanche
브이투,V2
비건타이거,VEGANTIGER
비디알,VDR
비바클래시,VIVACLASSY
벨레,Welle
분더가이스트,WUNDERGEIST
와니지,WANYZ
와르,WAAR
와우뷰,wowview
와이케이,waikei
와일드브릭스,WILD BRICKS
왓치아웃베이비,watchoutbaby
우빙,WOOVING
우알롱,WOOALONG
우주스튜디오,WUZU STUDIO
운무,WOONU
울파워,WOOLPOWER
워커스,Workers
월페인터,wallpainter
웨어리즈,WEARIS
웨이브건,WAVE GUN
웨이브유니온,Wave union
웨이비니스,Waviness
웨이즈,WAZE
웨이크미업,WAKEMEUP
웰트,WELT
위더로드,WETHEROAD
위캔더스,WKNDRS
윌도,WILDO
윔지마인드,Whimsy Mind
화이트크래프트,WHITE KRAFT
화이트프로젝트,WHITE PROJECT
후원스투칠,WhoWantsToChill
후즈하비몰,whoshobbymall
XERO,XERO
엑스톤즈,XTONZ
제너두웍스,XNADUWORKS
야세,YASE
얀13,YAN13
엽페,YUPPE
영브릿지,YOUNG BRIDGE
영월정션,youngwalljunction
예스이지,YESEASY
와이 낫 씨,Y - Not C
유니드가먼츠,YOU NEED GARMENTS
유니스,YouNess
유지,YUJI
음양,yinyang
제로러기지,ZERO LUGGAGE
제로무브,ZEROMOVE
제트디에이,ZDA
쥬욕,ZOO YORK
134MM,134MM
1990boy,1990boy
201 BREED,201 BREED
47브랜드,47 BRAND
47브랜드,47BRAND
47브랜드,47BRAND
4our b,4our b
써티투던,32DAWN
써틴먼스,13month
에이트디비젼,8DIVISION
이십오퍼센테이지,25percentage
투에프로우,2FLOW
