10 Corso Como,10 꼬르소꼬모
6397,육삼구칠
A COLD WALL,어 콜드 월
ACNE STUDIOS,아크네 스튜디오
AGOLDE,에이골디
Alberta Ferretti,알베르타 페레티
ALEXA CHUNG,알렉사 청
Alexa Chung,알렉사 청
ALEXANDER MCQUEEN,알랙산더 맥퀸
ALEXANDER WANG,알렉산더 왕
ALOHAS,알로하스
ALR,에이엘알
ALYX,알릭스
ami,아미
Amiri,아미리
ANN DEMEULEMEESTER,앤 드뮐미스터
Anne Vest Furhouse,앤 베스트 퍼하우스
ARMANI,아르마니
AS65,에이에스65
Auralee,오라리
B SIDES,비 사이즈
B:MING by BEAMS,비밍 바이 빔즈
Balenciaga,발렌시아가
BARBOUR,바버
Barena Venezia,바레나 베네치아
BASERANGE,베이스랜지
Batsheva,밧쉬바
BEAMS Boy,빔즈 보이
BELLA DAHL,벨라 달
Black Crane,블랙 크레인
Bliss And Mischief,블리스 앤 미스치프
BLNC,블랑
Blue Blue Japan,블루블루 재팬
BODE,보디
BOTTEGA VENETA,보테가 베네타
Brunello Cucinelli,브루넬로 쿠치넬리
BURBERRY,버버리
CANADA GOOSE,캐나다구스
Carhartt,칼하트
CARVEN,까르벵
CELINE,셀린느
Champion,챔피온
Chiara Ferragni,키아라페라그니
Chinti & Parker,친티앤파커
CHLOE,끌로에
CHRISTIAN DIOR,크리스챤 디올
Closed,클로즈드
Collina Strada,콜리나 스트라다
Coperni,코페르니
Crista Seya,크리스타 세야
Current Elliott,커런 엘리엇
Demy Lee,데미 리
Denimist,데니미스트
DIESEL,디젤
DOLCE and GABBANA,돌체앤가바나
DONDUP,돈덥
DRIES VAN NOTEN,드리스 반 노튼
DSQUARED2,디스퀘어드2
Eckhaus Latta,에크하우스 라따
Eftychia,에프티히아
Elisabetta Franchi,엘리자베타 프렌치
Emporio Armani,엠포리오 아르마니
ENFOLD,엉폴드
Equipment,위큅먼트
Etre Cecile,에뜨르 세실
Etro,에트로
EXTREME CASHMERE,익스트림 캐시미어
EYTYS,이티스
Faith Connexion,페이스 커넥션
FENDI,펜디
Forte Forte,포르테 포르테
Frame,프레임
Gallego Desportes,가예고 데스포르테
GANNI,간니
Ganni,가니
Giorgio Armani,조르지오 아르마니
GIVENCHY,지방시
GOLDEN GOOSE,골든 구스
GUCCI,구찌
Handvaerk,핸드베르크
Hansel From Basel,한셀 프롬 바셀
Hebe Studio,헤베 스튜디오
Helmut Lang,헬무트랭
HERNO,에르노
Heron Preston,헤론 프레스톤
Hidden Jeans,히든 진스
Holiday Boileau,홀리데이 부알로
HOWLIN,하울린
ICEBERG,아이스버그
IENKI IENKI,이엔키 이엔키
IENKI IENKI,앤키앤키
IH NOM UH NIT,이놈어닛
Innika Choo,이니카 츄
IRO,이로
ISABEL MARANT,이자벨 마랑
Isabel Marant Etoile,이자벨 마랑 에뚜왈
JAKKE,자케
James Perse,제임스펄스
JIL SANDER,질 샌더
Jour.Ne,주네
Julien David,줄리앙 데이비드
KANGOL,캉골
Katharine Hamnett,캐서린햄넷
KENZO,켄조
Khris Joy,크리스조이
KLOKE,클로크
KULE,큘
KWAIDAN EDITIONS,콰이단 에디션즈
LANVIN,랑방
Lardini,라르디니
LEVIS,리바이스
Liberty,리버티
Loewe,로에베
Loro Piana,로로피아나
Mackage,맥케이지
MAISON MARGIELA,메종 마르지엘라
MARC JACOBS,마크제이콥스
MARCELO BURLON,마르셀로 불론
MARNI,마르니
MATÉRIEL,머트리엘
Max Mara,막스 마라
MICHAEL KORS,마이클코어스
MICHI,미치
Miu Miu,미우미우
MM6 MAISON MARGIELA,엠엠6 메종 마르지엘라
MONCLER,몽클레어
Moncler grenoble,몽클레어 그레노블
MONOGRAM,모노그램
MOOSE KNUCKLES,무스너클
Morgano,모르가노
Moschino,모스키노
MR and MRS FUR,미스터 미세스퍼
Mr and Mrs Furs,미스터앤미세스퍼
Mr and Mrs Italy,미스터앤미세스이태리
MSGM,엠에스지엠
MULBERRY,멀버리
N21,넘버투에니원
Naguisa,나귀사
Name,네임
Nanushka,나누슈카
NEIL BARRETT,닐 바렛
Nicholson & Nicholson,니콜슨 앤 니콜슨
Nili Lotan,닐리로탄
NOBIS,노비스
Noritake,노리타케
Novecento Boutique,노베첸토 부티크
N°21,넘버21
OFF WHITE,오프화이트
Onar,오나스튜디오
Opening Ceremony,오프닝세레모니
ORCIVAL,오르치발
Our Legacy,아워레거시
Paloma Wool,팔로마 울
Paloma Wool,팔로마울
PARAJUMPERS,파라점퍼스
Parosh,파로쉬
Paul Smith,폴 스미스
PHILIPP PLEIN,필립플레인
Philosophy,필로소피
PLAN C,플랜 씨
Prada,프라다
PYRENEX,피레넥스
R13,알썰틴
Rachel Comey,레이첼 코미
Rag and Bone,랙앤본
RE DONE,리던
Sacai,사카이
SAINT JAMES,세인트 제임스
SAINT LAURENT,생 로랑
SALVATORE FERRAGAMO,살바토레 페라가모
Sea NY,씨 뉴욕
See By Chloe,씨바이클로에
Seya,세야
Sibel Saral,사이벨 사랄
Simon Miller,사이먼 밀러
SIWY,씨위
SLOWEAR,슬로웨어
SOE,소이
Sofie D`Hoore,소피 드후레
SPORTY & RICH,스포티 앤 리치
Stella McCartney,스텔라 메카트니
STONE ISLAND,스톤 아일랜드
Studio Nicholson,스튜디오니콜슨
STUSSY,스투시
Sub_Urban Riot,서브얼반리옷
Survival of the Fashionest,서바이벌 패셔니스트
Tach,타크
Teija,테이자
TELFAR,텔파
The Editor,디에디터
The Great,더 그레잇
The North Face,노스페이스
Theory,띠어리
Tom Ford,톰 포드
TWINS FLORENCE,트윈스 플로렌스
ULLA JOHNSON,울라 존슨
ULTRACHIC,울트라시크
Undercover,언더커버
Unfil,언필
Valentino,발렌티노
Veronica Beard,베로니카 비어드
Versace,베르사체
VETEMENTS,베트멍
Victoria Bakery x BEAKER,Victoria Bakery x BEAKER
Victoria Beckham,빅토리아 베컴
VIS A VIS,비자비
VIVIENNE WESTWOOD,비비안 웨스트우드
Wellder,Wellder
Wild Donkey,와일드 동키
WILDFOX,와일드폭스
Woolrich,울리치
WOS,워크오브쉐임
Wyse London,와이즈 런던
Y Project,와이 프로젝트
Y-3,와이쓰리
Y-3 ADIDAS,와이 쓰리 아디다스
YOHJI YAMAMOTO,요지 야마모토
YOKE,요크
YVES SALOMON,이브살로몬
ZADIG and VOLTAIRE,쟈딕앤볼테르
Zimmermann,짐머만
,
,
여기부터,남성의류
10 Corso Como,10 꼬르소꼬모
A COLD WALL,어 콜드 월
ACNE STUDIOS,아크네 스튜디오
Adidas Originals,아디다스 오리지널
ALEXANDER MCQUEEN,알랙산더 맥퀸
ALEXANDER WANG,알렉산더 왕
ALYX,알릭스
ami,아미
Amiri,아미리
ANN DEMEULEMEESTER,앤 드뮐미스터
ARIES ARISE,에이리스 어라이즈
ARMANI,아르마니
Auralee,오라리
B:MING by BEAMS,비밍 바이 빔즈
Balenciaga,발렌시아가
Ballantyne,발렌타인
BALLY,발리
BAND OF OUTSIDERS,밴드 오브 아웃사이
Baracuta,바라쿠타
BARBOUR,바버
BARBOUR X ENGINEERED GARMENTS,바버엔지니어드가먼츠
Barena Venezia,바레나 베네치아
Batoner,바토너
BEAMS,빔즈
Boss,보스
BOTTEGA VENETA,보테가 베네타
Botter,바터
Brunello Cucinelli,브루넬로 쿠치넬리
BURBERRY,버버리
CAL O LINE,칼 오 라인
Camiel Fortgens,카미엘 포트젠
Camo,카모
CANADA GOOSE,캐나다구스
Carhartt,칼하트
CARHARTT,칼하트
Carrots,캐롯
CASABLANCA,카사블랑카
CELINE,셀린느
Champion,챔피온
Chinatown Market,차이나타운 마켓
CHRISTIAN DIOR,크리스챤 디올
Cini,치니
Closed,클로즈드
Columbia,컬럼비아
Comoli,코모리
CONVERSE,컨버스
Corgi,코르기
Covert,커버트
CP COMPANY,CP 컴퍼니
Daniel Cremieux,다니엘 크레뮤
De Bonne Facture,드 본느 팩쳐
Department 5,디파트먼트5
DIESEL,디젤
DIOR HOMME,디올 옴므
DOLCE and GABBANA,돌체앤가바나
DRIES VAN NOTEN,드리스 반 노튼
DROLE DE MONSIEUR,드홀 드 무슈
DSQUARED2,디스퀘어드2
E.TAUTZ,이타우츠
Editions M.R,에디시옹 엠알
EDITIONS MR,에디시옹 엠알
Emporio Armani,엠포리오 아르마니
Engineered Garments,엔지니어드 가먼츠
Ermenegildo Zegna,에르메네질도 제냐
Etro,에트로
Etudes,에뛰드
EYTYS,이티스
Faith Connexion,페이스 커넥션
FCE,에프씨이
FEAR OF GOD,피어 오브 갓
FENDI,펜디
Filson,필슨
FRANKIE MORELLO,프랭키 모렐로
Futur,퓨처
Giorgio Armani,조르지오 아르마니
GIVENCHY,지방시
GOLDEN GOOSE,골든 구스
GUCCI,구찌
Haider Ackermann,하이더 아크만
Handvaerk,핸드베르크
Haversack,하버색
Hed Mayner,Hed Mayner
Helmut Lang,헬무트랭
HERNO,에르노
Heron Preston,헤론 프레스톤
Holden,홀덴
Holidays Comfort,홀리데이 컴포트
HOMECORE,홈코어
HOOD BY AIR,후드 바이 에어
HOWLIN,하울린
ICEBERG,아이스버그
IENKI IENKI,이엔키 이엔키
IENKI IENKI,앤키앤키
IH NOM UH NIT,이놈어닛
ISABEL MARANT,이자벨 마랑
Isabel Marant Etoile,이자벨 마랑 에뚜왈
James Perse,제임스펄스
JIL SANDER,질 샌더
Junior Executive,주니어 이그제큐티브
Just Don,저스트 돈
KANGOL,캉골
Kaptain Sunshine,캡틴 선샤인
KENZO,켄조
KNOW WAVE,노웨이브
KULE,큘
LANVIN,랑방
Lardini,라르디니
Loewe,로에베
Loro Piana,로로피아나
Mackage,맥케이지
Mackintosh,매킨토시
Maison Flaneur,메종 플라네르
MAISON MARGIELA,메종 마르지엘라
MARC JACOBS,마크제이콥스
MARCELO BURLON,마르셀로 불론
Markaware,마카웨어
MARNI,마르니
Martine Rose,마틴로즈
MARTINE ROSE,마틴 로즈
MATÉRIEL,머트리엘
MONCLER,몽클레어
Moncler grenoble,몽클레어 그레노블
Monitaly,모니탈리
MOOSE KNUCKLES,무스너클
Morgano,모르가노
Moschino,모스키노
MR and MRS FUR,미스터 미세스퍼
Mr and Mrs Furs,미스터앤미세스퍼
Mr and Mrs Italy,미스터앤미세스이태리
MSGM,엠에스지엠
MYTHS,미쓰
Name,네임
NANAMICA,나나미카
Nanamica,나나미카
Nanushka,나누슈카
NEIL BARRETT,닐 바렛
NOBIS,노비스
Noritake,노리타케
OFF WHITE,오프화이트
ORCIVAL,오르치발
Ordinary Fits,오디너리 피츠
Our Legacy,아워레거시
PARAJUMPERS,파라점퍼스
patagonia,파타고니아
Paul and Shark,폴앤샤크
Paul Smith,폴 스미스
PHILIPP PLEIN,필립플레인
PHIPPS,핍스
Pleasures,플레져스
Prada,프라다
PUMA,퓨마
Puma,푸마
PYRENEX,피레넥스
R13,알썰틴
RAF SIMONS,라프 시몬스
Rag and Bone,랙앤본
Represent,리프레젠트
RHUDE,루드
Riding High,라이딩하이
Rowing Blazers,로잉 블레이저
Sacai,사카이
SAINT JAMES,세인트 제임스
SAINT LAURENT,생 로랑
SALVATORE FERRAGAMO,살바토레 페라가모
SLOWEAR,슬로웨어
SOE,소이
Soldout,솔드아웃
South2 West8,사우스투 웨스트에잇
SOUTH2 WEST8,사우스 2 웨스트 8
SSS World Corp,월드코퍼레이션
Stella McCartney,스텔라 메카트니
STONE ISLAND,스톤 아일랜드
Studio Nicholson,스튜디오니콜슨
STUSSY,스투시
Sub_Urban Riot,서브얼반리옷
SUITSUPPLY,수트서플라이
Sunnei,써네이
SUNSPEL,썬스펠
SUNSPEL,선스펠
TAION,타이온
Teatora,테아토라
Ten C,텐 씨
The Editor,디에디터
The North Face,노스페이스
Theory,띠어리
Tom Ford,톰 포드
TOMBOLINI,톰볼리니
Tres Bien,트레비앙
UNDERCOVER,언더커버
Undercover,언더커버
Valentino,발렌티노
Versace,베르사체
VETEMENTS,베트멍
VIVIENNE WESTWOOD,비비안 웨스트우드
WALK OF SHAME,워크오브쉐임
Wellder,Wellder
WHITE MOUNTAINEERING,화이트 마운티니어링
Wild Donkey,와일드 동키
Woolrich,울리치
XACUS,자쿠스
Y Project,와이 프로젝트
Y-3,와이쓰리
Y-3 ADIDAS,와이 쓰리 아디다스
YMC,와이엠씨
YOHJI YAMAMOTO,요지 야마모토
YOKE,요크
Yoko Sakamoto,요코 사카모토
Z Zegna,지 제냐
Zanone,자노네