1159studio,일일오구스튜디오
13Month,써틴먼스
320Showroom,320쇼룸
82SEOUL,82서울
A Label,에이라벨
a.t.corner,앳코너
Ade,에이드
Ader Error,아더 에러
Aimons,에몽
Akiii Classic,아키 클래식
ALLSAINTS,올세인츠
al_season,아엘시즌
Amomento,아모멘토
among,어몽
Amour,아무르
Amu,아무
Anc 1.5,앙크 1.5
Anedit,언에디트
Angel Socks,엔젤삭스
Another Frame,어나더 프레임
Archivments,아카이브먼츠
Ardorobe,아더로브
Arethat,아르댓
Atempo,아템포
AYIHOLIC cashmere,아이홀릭 캐시미어
AYU,아유
B Slash B,비슬래쉬비
Balancewood,밸런스우드
BEAKER,비이커
Bearded Kid,비얼디드키드
Bebums,비범스
BEMUSE MANSION,비뮤즈맨션
BENSIMON,벤시몽
Betterthan88,베러댄88
Beyond Closet,비욘드 클로젯
Bibyseob,바이바이섭
BIRTHDAYSUIT,벌스데이수트
Biscuitshop,비스킷샵
Bjoue,브쥬
Blank,블랭크
BLND,블렌드
BLUR 1.0,블러
Bluv,블러브
Bouton,브통
BRIAN berry,브라이언 베리
Brick,브릭
Brino,브리노
Brow End,브로우엔드
Brown Breath,브라운 브레스
BUILD the GOOD,빌더굿
Cargobros,카고브로스
CAYL,케일
Cellva,첼바
CER,씨이알
Cerruti 1881,세루티 1881
Chiquita,치키타
CHUACHU,츄아츄
Chuck,척
Clecle,클레클레
Clet,클렛
Clove,클로브
codes combine innerwear,코데즈컴바인이너웨어
Coinonia,코이노니아
COLLABOTORY,콜라보토리
COMFY,컴피
Controbanale,콘트로바날레
Cotton Bell,코튼벨
COUCOU,코우코우
Country Powder,컨츄리파우더
Damn Good Life,댐 굿 라이프
danah,단아
Daylife,데이라이프
Daze Dayz,데이즈 데이즈
Deans,딘스
DEBB,뎁
Dgre,디그레
DIESEL,디젤
Dimitri Black,디미트리 블랙
Dozoh,도조
Dprique,디프리크
Dreamworld,드림월드
Earthkiss,어스키스
Eenk,잉크
Eien29,에이엔29
ellon arc,엘런아크
En Or,엔오르
Endehor,앙디올
Endot,엔도트
Entre Reves,앙트레브
ENZO BLUES,엔조블루스
EP2B70,이피이비칠공
Epingler,에핑글러
Etch,에취
Etre Seoul,Etre Seoul
eyeye,아이아이
Ezee,이지
Factorial Label,팩토리얼 레이블
FANGOH,팽고
Fcocoromiz,에프코코로미즈
Featherworks,페더웍스
Filobisknot,필로비스놑
FINNLEE,핀리
FLATEIGHTY,플랫80
GANISONG,가니송
General Idea,제너럴 아이디어
Gocori,고코리
Goen.J,고엔제이
Googongfast,구공패스트
GUCCI,구찌
GUESS UNDERWEAR,게스언더웨어
Happening,해프닝
Heavy Culture,헤비컬쳐
Heichblade,에이치블레이드
Hidden Forest Market,히든 포레스트 마켓
HIDDEN FOREST MARKET,히든포레스트마켓
HIGHSCHOOL DISCO,하이스쿨디스코
Holynumber7,홀리넘버세븐
Horlisun,홀리선
iam LIBERTY,아이엠리버티
Iannmore,Iannmore
Ice Garden A.508,아이스가든에이.오공
Iggys Jazz House,이기스 재즈 하우스
Illustris Illusion,일루스트리스일루전
Imperial Motion,임페리얼 모션
Ines,이네스
Insilence Women,인사일런스 우먼
Instantfunk,인스턴트펑크
Ivido,이비도
J Rium,제이리움
J Vineyard,제이빈야드
J.Chung,제이청
Jamais,자매
JE NE SAIS QUOI,주느세콰
JEILIM,제이림
JULYCOLUMN,줄라이칼럼
juneci,주네시
Katrina K,카트리나 케이
Keek,키크
KELLY DONAHUE,켈리도나휴
Kick The Beat,킥더빗
KIJUN,키준
Knitly,니틀리
kompakt Record Bar,콤팩트 레코드 바
Kumann,쿠만
LACOSTE,라코스테
LANG＆LU,랭앤루
LARTIGENT,라티젠
le cashmere,르 캐쉬미어
Le yiel,르이엘
LE17SEPTEMBRE,르917
Leire,르아르
Lie,라이
Loeil,로에일
London Grocery Market,런던 그로서리 마켓
Loner,로너
Low Classic,로우클래식
Luoneer,루오니어
Luvur,럽유어
Madmars,매드마르스
Magoodgan,맥우드건
MAGPIE,매그파이
Maison de Ines,메종드이네스
MAISONMARAIS,메종마레
MARC JACOBS,마크제이콥스
marie claire,마리끌레르
Marmota,마르모타
Massnoun,매스노운
MAXXIJ,막시제이
Men In Jungle,맨인정글
Mep,엠이피
Merry Motive,메리모티브
Metapher,메타퍼
millioncor,밀리언코르
Millogrem,밀로그램
Mimicawe,미미카위
Minimal Project,미니멀 프로젝트
Minnchai,민채
Moaa,모아
Moia,모이아
molliolli,몰리올리
Mooneed,무니드
More Or Less,모어올레스
Muer,뮤에
MUSEE,뮤제
Muveclothing,머브클로딩
Naguisa,나귀사
NAPAPIJRI,나파피리
Ncover,엔커버
Near&Dear,니어앤디어
Neikidnis,네이키드니스
Neul,늘
Nick N Nicole,닉 앤 니콜
Nocle,노클
Node,노드
Nohant,노앙
Noirer,노이어
Nornot,노르낫
NOT,엔오티
Nothing Written,낫띵리튼
Notus,낫어스
Nouve,누브
Nu Parcc,누팍
Oaar,오아르
OEL,오이엘
OFFANDOFF,오프앤오프
OLDBē,올드비
Ordinary People,오디너리 피플
OURSELVES,아워셀브스
Ownport,온포트
Par Avion,파르아비옹
Pars,빠흐
peces,페세스
Pinblack,핀블랙
PLYS,플라이스
Pool,풀
Pushbutton,푸시버튼
QT8 Garments,큐티에잇 가먼츠
Quietist,콰이어티스트
RA:D RE:D,라드레드
Ray Shiso,레이시소
RE RHEE,리이
Recto,렉토
Reehue,리휴
Rejina Pyo,레지나표
RePLAiN,리플레인
Rinjeon,린전
RNOT,알엔오티
ROCKET X LUNCH,로켓런치
rolarola,로라로라
RS9seoul,에스나인서울
Ruhm,루흠
RYOO,알와이오오
Ryul+Wai:,률앤와이
Saimi Jeon,사이미전
Saint Luxure,생럭슈
Salad Bowls,샐러드볼즈
Salon de Yohn,살롱드욘
Sean Makes Cloth,션메익스클로스
Sec By Rigoon,섹 바이 리군
Seoul Apparel,서울 어패럴
SEWCLASSIC,쏘우클래식
SIMPLE BISCUIT,심플비스킷
Sini,시니
Siusiu,시우시우
Sixsox,식스삭스
Siyazu,시야주
SLEEPYCAT,슬리피캣
Slo Arc,슬로아크
Slow Universe,슬로우 유니버스
Slowpoke,슬로우포크
Small Stuff,스몰 스터프
Smith Armor,스미스아머
Socks The Language,삭스더랭귀지
SOLELOOP,쏠룹
Sophy＆Taylor,소피앤테일러
Stan Ard,스탠 아드
STAND ALONE,스탠드얼론
Stay Gold,스테이 골드
Stay With Me,스테이위드미
Stereo Vinyls,스테레오 바이널즈
Studio G,스튜디오 지
STUSSY,스투시
Suure,슈어
Tailor Studio,테일러 스튜디오
TAZE,테이즈
tetu,떼뚜
Texture,텍스쳐
Texture Zero,텍스쳐 제로
The Abon,더 에이본
The Ashlynn,더애쉴린
The AtG,더엣지
The Loom,더 룸
The Studio K,더스튜디오케이
The Suin,더 수인
The tis,더티스
THE WEATHER IS AWESOME,더웨더이즈어썸
TheOpen Product,더오픈 프로덕트
Thi:m,띔
Thisisneverthat,디스이즈네버댓
Tmo By 13Month,티엠오 바이 써티먼쓰
TMRW,티엠알더블유
Toykeat,토이킷
Treed,트리드
ULLALA,울랄라
Unalloyed,어널로이드
Underyouth,언더유스
Unlikelook,언라이크룩
URAGO,유라고
Urban Players,어반 플레이어스
Urbandtype,Urbandtype
URNAVY,유어네이비
Usual Edit,유주얼에딧
VDR,비디알
Vem.ver,벰버
Veronica For London,베로니카 포 런던
VERSO,VERSO
Verutum,베루툼
VERVE,버브
Via Plain,비아플레인
VLEEDA,블리다
Wai Kei,와이케이
Wardrobe,와드로브
Whateverwewant,왓에버위원트
Why Jay,와이제이
WKNDRS,위캔더스
Wonder Visitor,원더 비지터
Wuzu Studio,우주스튜디오
Xtonz,엑스톤즈
Yan 13,얀 13
YIGNIL,이그닐
You Need Garments,유니드 가먼츠
Yuje,유제
,
,
여기부터,남성의류
1159studio,일일오구스튜디오
13Month,써틴먼스
320Showroom,320쇼룸
82SEOUL,82서울
A Label,에이라벨
ADD,애드
Ader Error,아더 에러
Akiii Classic,아키 클래식
ALLSAINTS,올세인츠
al_season,아엘시즌
Amu,아무
Anc 1.5,앙크 1.5
Angel Socks,엔젤삭스
Another Frame,어나더 프레임
Archivments,아카이브먼츠
Ardorobe,아더로브
ASPIVOT,에스파이벗
Atempo,아템포
AYIHOLIC cashmere,아이홀릭 캐시미어
B Slash B,비슬래쉬비
Balancewood,밸런스우드
BEAKER,비이커
BEAMS,빔즈
Bearded Kid,비얼디드키드
Bebums,비범스
Bellief,벨리프
BENSIMON,벤시몽
Betterthan88,베러댄88
Beyond Closet,비욘드 클로젯
Bframe,비프레임
BIRTHDAYSUIT,벌스데이수트
BLND,블렌드
BRIAN berry,브라이언 베리
Brick,브릭
Brown Breath,브라운 브레스
Brownyard,브라운야드
BUILD the GOOD,빌더굿
Cargobros,카고브로스
CAYL,케일
CER,씨이알
Chiquita,치키타
CHK,씨에이치케이
CHUACHU,츄아츄
Chuck,척
Clecle,클레클레
Clove,클로브
codes combine innerwear,코데즈컴바인이너웨어
Coinonia,코이노니아
Controbanale,콘트로바날레
COUCOU,코우코우
Country Powder,컨츄리파우더
Damn Good Life,댐 굿 라이프
Deans,딘스
Dgre,디그레
DIESEL,디젤
Dimitri Black,디미트리 블랙
Doctorsocks,닥터삭스글로벌
Dozoh,도조
Dprique,디프리크
Dreamworld,드림월드
Earthkiss,어스키스
Eastlogue,이스트로그
Eenk,잉크
ellon arc,엘런아크
EP2B70,이피이비칠공
Etre Seoul,Etre Seoul
FANGOH,팽고
Featherworks,페더웍스
Filobisknot,필로비스놑
Franco Ferraro,프랑코 페라로
General Idea,제너럴 아이디어
Gocori,고코리
Googongfast,구공패스트
GUCCI,구찌
GUESS UNDERWEAR,게스언더웨어
Heavy Culture,헤비컬쳐
Heichblade,에이치블레이드
HIDDEN FOREST MARKET,히든포레스트마켓
HIGHSCHOOL DISCO,하이스쿨디스코
Holynumber7,홀리넘버세븐
Horlisun,홀리선
HOWEAR,HOWEAR
Iannmore,Iannmore
Iggys Jazz House,이기스 재즈 하우스
IISE,이세
IL Corso,일꼬르소
Imperial Motion,임페리얼 모션
Ines,이네스
Instantfunk,인스턴트펑크
J Rium,제이리움
J.Chung,제이청
JEILIM,제이림
juneci,주네시
Katrina K,카트리나 케이
Keek,키크
Kei Current,케이 커런트
Kick The Beat,킥더빗
Knitly,니틀리
kompakt Record Bar,콤팩트 레코드 바
LACOSTE,라코스테
le cashmere,르 캐쉬미어
LE17SEPTEMBRE HOMME,르917 옴므
Leire,르아르
Loeil,로에일
London Grocery Market,런던 그로서리 마켓
Loner,로너
Luoneer,루오니어
Luvur,럽유어
Madmars,매드마르스
Magoodgan,맥우드건
MARC JACOBS,마크제이콥스
Marmota,마르모타
Massnoun,매스노운
MAXXIJ,막시제이
Men In Jungle,맨인정글
Mep,엠이피
Miami Project,마이애미 프로젝트
millioncor,밀리언코르
Millogrem,밀로그램
Minimal Project,미니멀 프로젝트
Moaa,모아
Moia,모이아
MOIF,모이프
More Or Less,모어올레스
Muveclothing,머브클로딩
NAPAPIJRI,나파피리
Ncover,엔커버
Neikidnis,네이키드니스
Nick N Nicole,닉 앤 니콜
Nocle,노클
Node,노드
Nohant,노앙
Noirer,노이어
Nornot,노르낫
Oaar,오아르
OEL,오이엘
OFFANDOFF,오프앤오프
OLDBē,올드비
Oorrddiinnaarryy,오디너리
Ordinary People,오디너리 피플
OURSELVES,아워셀브스
PANICALE,빠니깔레
Pars,빠흐
POLYTERU,폴리테루
Pool,풀
POTTERY,포터리
QT8 Garments,큐티에잇 가먼츠
Quietist,콰이어티스트
Ray Shiso,레이시소
RE RHEE,리이
ROCKET X LUNCH,로켓런치
rolarola,로라로라
RYOO,알와이오오
Salad Bowls,샐러드볼즈
SEWCLASSIC,쏘우클래식
Siusiu,시우시우
Sixsox,식스삭스
Slow Universe,슬로우 유니버스
Slowpoke,슬로우포크
Smith Armor,스미스아머
Socks The Language,삭스더랭귀지
Solew,소루
Sortie,솔티
Stan Ard,스탠 아드
STANCE SEOUL,스탠스 서울
Stereo Vinyls,스테레오 바이널즈
STUSSY,스투시
Tailor Studio,테일러 스튜디오
TAZE,테이즈
Texture Zero,텍스쳐 제로
The Abon,더 에이본
The Studio K,더스튜디오케이
THE WEATHER IS AWESOME,더웨더이즈어썸
THEMANN,더만
Thisisneverthat,디스이즈네버댓
TMRW,티엠알더블유
Toykeat,토이킷
TRVR,티알브이알
ULLALA,울랄라
UNAFFECTED,언어펙티드
Unalloyed,어널로이드
Underyouth,언더유스
Unlikelook,언라이크룩
Urban Players,어반 플레이어스
Urbandtype,Urbandtype
Usual Edit,유주얼에딧
Vabeu,바베우
Vanone,반원
VDR,비디알
Verutum,베루툼
VLEEDA,블리다
Wai Kei,와이케이
Wardrobe,와드로브
Whateverwewant,왓에버위원트
Wild Bricks,와일드브릭스
WKNDRS,위캔더스
Wonder Visitor,원더 비지터
Xtonz,엑스톤즈
Yan 13,얀 13
You Need Garments,유니드 가먼츠
YOUTH,유스
Yuje,유제