02ARMOIRE,세컨드아르무아
032c,032c
1159studio,일일오구스튜디오
13Month,써틴먼스
1507,1507
261EUI,261이유아이
320Showroom,320쇼룸
38Comeoncommon,38컴온커먼
3hreeto8ighty,쓰리투에이티
3rd Weave,써드위브
5252 by o!oi,오아이오아이
82SEOUL,82서울
A COLD WALL,어 콜드 월
A Haute,어오트
A Label,에이라벨
A Nothing,어낫띵
A.P.C.,아페쎄
a.t.corner,앳코너
ACNE STUDIOS,아크네 스튜디오
Acud,아쿠드
Add Sense,애드센스
Ade,에이드
AGNONA,아뇨나
Aheit,어헤이트
Akiii Classic,아키 클래식
Alanui,알라누이
Alberta Ferretti,알베르타 페레티
Alessandra Rich,알레산드라리치
ALEXA CHUNG,알렉사 청
ALEXANDER MCQUEEN,알랙산더 맥퀸
ALEXANDER WANG,알렉산더 왕
Alexandre Vauthier,알렉산드레보티에
ALLSAINTS,올세인츠
ALOHAS,알로하스
Alpha Industries,알파 인더스트리
Althing,얼띵
Alviero Martini,알비에로마르티니
ALYX,알릭스
al_season,아엘시즌
AMBUSH,엠부시
Amiri,아미리
among,어몽
Amour,아무르
Amu,아무
Anc 1.5,앙크 1.5
Andneeds,앤니즈
Anedit,언에디트
Angel Socks,엔젤삭스
Angelo Bianco,안젤로 비안코
Ankor,앵커
ANN DEMEULEMEESTER,앤 드뮐미스터
Anne And The Crwd,앤앤더크라우드
Another day of sun,어나더데이오브썬
Another Frame,어나더 프레임
Another Leader,어난더리더
ARCE,아르세
Archivments,아카이브먼츠
Ardorobe,아더로브
Arethat,아르댓
ARMANI,아르마니
Armorlux,아머럭스
Asura,아수라
Atempo,아템포
ATHENA DESIGNS,아테나 디자인
ATHPLATFORM,애스플래폼
Attico,아티코
Ava Molli,아바몰리
Avec Vous,아베크부
AYIHOLIC cashmere,아이홀릭 캐시미어
AYU,아유
B Slash B,비슬래쉬비
B:MING by BEAMS,비밍 바이 빔즈
Balancewood,밸런스우드
Balenciaga,발렌시아가
BAN.DO,밴도
Barba,바르바
BARBOUR,바버
BEAMS Boy,빔즈 보이
Bearded Kid,비얼디드키드
Bebums,비범스
BELLA DAHL,벨라 달
BEMUSE MANSION,비뮤즈맨션
BENSIMON,벤시몽
Betterthan88,베러댄88
Between A and B,비트윈에이앤비
Beyond Closet,비욘드 클로젯
Bibyseob,바이바이섭
BIG PARK,빅팍
Binovular,비노블라
Bird Che,버드 체
Biscuitshop,비스킷샵
Bjoue,브쥬
Blank,블랭크
Blank03,블랭크공삼
Blaze Milano,블레이즈 밀라노
BLNC,블랑
BLND,블렌드
Bluv,블러브
BON:E,본이
BOTTEGA VENETA,보테가 베네타
Bowlloon,보울룬
BRIAN berry,브라이언 베리
Brian Undies,브라이언 언디즈
Brick,브릭
Brino,브리노
Brow End,브로우엔드
Brown Breath,브라운 브레스
Bruman,브루먼
Brunello Cucinelli,브루넬로 쿠치넬리
BUILD the GOOD,빌더굿
BURBERRY,버버리
Cabaret,카바렛
Calvin Klein Jeans,캘빈클라인
Cargobros,카고브로스
Carhartt,칼하트
Carries Note,캐리스노트
CARVEN,까르벵
Cashmere Class,캐쉬미어 클래스
Ce And,씨이앤
Celebshop Edition,셀렙샵 에디션
CELINE,셀린느
Cellva,첼바
CER,씨이알
Cerruti 1881,세루티 1881
CHAEnewyork,채뉴욕
Chamasportslab,차마스포츠랩
Champion,챔피온
Chiara Ferragni,키아라페라그니
Chiquita,치키타
CHLOE,끌로에
CHRISTIAN DIOR,크리스챤 디올
CHUACHU,츄아츄
Chuck,척
CK Performance,씨케이 퍼포먼스
CK Underwear,씨케이 언더웨어
Clecle,클레클레
Clet,클렛
Clove,클로브
codes combine innerwear,코데즈컴바인이너웨어
Coeternal,코이터널
Coinonia,코이노니아
COLLABOTORY,콜라보토리
Colley,콜리
COMFY,컴피
Comsonnot,꼼소넛
Controbanale,콘트로바날레
Corca,코르카
Cotta,코타
Cotton Bell,코튼벨
COUCOU,코우코우
Country Powder,컨츄리파우더
Current,커렌트
Damage Mnemonic,데미지니모닉
Damn Good Life,댐 굿 라이프
danah,단아
Danskin,단스킨
Daylife,데이라이프
Daze Dayz,데이즈 데이즈
De Maille,드마이어
Deans,딘스
Dear Miler,디어 마일러
DearK,디어케이
Dearstalker,디어스토커
DEBB,뎁
Deux Fois H,드푸아에이치
Dgre,디그레
Di Ephod,디에봇
DIESEL,디젤
Dimitri Black,디미트리 블랙
DOLCE and GABBANA,돌체앤가바나
Dona Dona,도나도나
DONDUP,돈덥
Dozoh,도조
Dprique,디프리크
Dreamworld,드림월드
DRIES VAN NOTEN,드리스 반 노튼
DSQUARED2,디스퀘어드2
Duffie,더피
DUVETICA,듀베티카
Easyoga,이지요가
Eau Clair,오끌레르
Eblin,에블린
Ecopiece10,에코피스10
Eddie Bauer,에디바우어
Eien29,에이엔29
Ekhon,에콘
Elisabetta Franchi,엘리자베타 프렌치
ellon arc,엘런아크
Emporio Armani,엠포리오 아르마니
En Or,엔오르
Endehor,앙디올
Endot,엔도트
Entre Reves,앙트레브
EP2B70,이피이비칠공
Ephe,에페
Epingler,에핑글러
Equipment,위큅먼트
Ermanno by Ermanno Scervino,에르마노 설비노
ESFAI,에스파이
Etch,에취
Etmon,에트몽
Etre Seoul,Etre Seoul
Etro,에트로
eyeye,아이아이
EYTYS,이티스
Ezee,이지
Fabiana Filippi,파비아나 필리피
Factorial Label,팩토리얼 레이블
Fadeiin,페이딘
Faith Connexion,페이스 커넥션
FANGOH,팽고
Fay,페이
Fcocoromiz,에프코코로미즈
Featherworks,페더웍스
FENDI,펜디
Filobisknot,필로비스놑
FINDCHILLIN,파인드칠린
FINNLEE,핀리
FLATEIGHTY,플랫80
FLXBL,플렉서블
Foceps,포셉
Foyer,포이어
From where,프롬웨얼
Front2Line,프런투라인
G Studio,지스튜디오
Gabriel Lee,가브리엘리
Gabriela Hearst,가브리엘라 허스트
Gac,객
GANISONG,가니송
Ganni,가니
GCDS,쥐씨디에스
General Idea,제너럴 아이디어
GIADA BENINCASA,지아다 베닌까사
Gildan,길단
Giorgio Armani,조르지오 아르마니
GIVENCHY,지방시
Gocori,고코리
GOLDEN GOOSE,골든 구스
GOOD ON,굿온
Googongfast,구공패스트
gorman,고먼
Grace U,그레이스유
Gramicci,그라미치
Granes,그라네스
Gre1scale,그레이스케일
Greyyang,그레이양
Grid Seoul,그리드 서울
Groundwave,그라운드웨이브
GUCCI,구찌
GUESS UNDERWEAR,게스언더웨어
Harris Wharf London,해리스 워프 런던
Have Less,해브레스
Hds,에이치디에스
Heavy Culture,헤비컬쳐
Hebe Studio,헤베 스튜디오
Heichblade,에이치블레이드
Helement,힐리먼트
HERNO,에르노
Heroine,히로인
Heron Preston,헤론 프레스톤
HIDDEN FOREST MARKET,히든포레스트마켓
Hidden Jeans,히든 진스
Hier et demain,이에엣드맹
HIGHSCHOOL DISCO,하이스쿨디스코
Hinge,힌지
Hogan,호간
Holly Loves Love,홀리러브스러브
Holynumber7,홀리넘버세븐
Horlisun,홀리선
Huit De Lynn,위들린
Hunt Innerwear,헌트이너웨어
I Hate Monday,아이헤이트먼데이
iam LIBERTY,아이엠리버티
Iannmore,Iannmore
Ice Garden A.508,아이스가든에이.오공
ICEBERG,아이스버그
IENKI IENKI,앤키앤키
Iggys Jazz House,이기스 재즈 하우스
IH NOM UH NIT,이놈어닛
Illustris Illusion,일루스트리스일루전
Imirk,아이멀크
Imperial Motion,임페리얼 모션
inA,인에이
Ines,이네스
Innika Choo,이니카 츄
Insilence Women,인사일런스 우먼
Instantfunk,인스턴트펑크
IRO,이로
ISABEL MARANT,이자벨 마랑
Isabel Marant Etoile,이자벨 마랑 에뚜왈
Issue Number,이슈넘버
Ivido,이비도
J Brand,제이 브랜드
J Rium,제이리움
J Vineyard,제이빈야드
J.Chung,제이청
Jack N Jill,잭앤질
Jacquemus,자크뮈스
Jaime Blanc,제이미블랑
Jain Song,제인송
JAKKE,자케
Jamais,자매
Jean-Michel Basquiat,장미쉘 바스키아
JEILIM,제이림
Jenny Park,제니팍
Jessie Western,제시 웨스턴
JIL SANDER,질 샌더
Joyzin,조이진
Jo‘s lounge,조스라운지
Jude McCall,주드맥콜
Juliapepe,줄리아페페
Juliy N Calla,쥴리앤칼라
JULYCOLUMN,줄라이칼럼
juneci,주네시
Junya Watanabe,준야 와타나베
Kai Aakmann,카이아크만
Kaneitei,카네이테이
KANGOL,캉골
Katrina K,카트리나 케이
Keek,키크
KELLY DONAHUE,켈리도나휴
KENZO,켄조
Keuni,근니
Kick The Beat,킥더빗
Knitly,니틀리
Koleat,콜릿
KULE,큘
Kumann,쿠만
LABEAU NEWYORK,라뷰뉴욕
LACOSTE,라코스테
LAMINEZ,라미네즈
LANEUS,라네우스
LANG＆LU,랭앤루
LANVIN,랑방
Lardini,라르디니
LARTIGENT,라티젠
Le,르
le cashmere,르 캐쉬미어
Le yiel,르이엘
Legacy Bone,레가시본
LeiKA,레이카
Leire,르아르
Leleaf,르리프
LENINA,르니나
Les Vacances,레바캉스
Letter Como,레테르코모
Letter from Moon,레터프롬문
LEVIS,리바이스
Lie,라이
LIEGE,리에주
Line Studio One,라인스튜디오원
Liu Jo,리우 조
Loeil,로에일
Loewe,로에베
Lomheaven,롬헤븐
London Grocery Market,런던 그로서리 마켓
London Tradition,런던 트레디션
Loner,로너
Lookarrround,룩어라운드
Loom Loom,룸룸
Lord John Grey,로드 존 그레이
Loro Piana,로로피아나
Lugner,루그너
Lunecave,룬케이브
Luoneer,루오니어
Luten,루텐
Luvur,럽유어
Lyceenne,리센느
M.Marker,엠마커
M12,엠트웰브
Mackage,맥케이지
Madmars,매드마르스
MAGFORCE,맥포스
Magoodgan,맥우드건
MAGPIE,매그파이
Maison de Ines,메종드이네스
MAISON MARGIELA,메종 마르지엘라
MAISONMARAIS,메종마레
MANAVIS7,마나비스세븐
Manes,마네스
Mannon,매넌
Manuelle et guillaume,마누엘 에 기욤
MARC JACOBS,마크제이콥스
MARCELO BURLON,마르셀로 불론
Mare Di Mari,마레디 마리
Margarin Fingers,마가린핑거스
marie claire,마리끌레르
Marine Serre,마린 세르
Marmota,마르모타
MARNI,마르니
Massnoun,매스노운
MATÉRIEL,머트리엘
Max Mara,막스 마라
MAXXIJ,막시제이
Men In Jungle,맨인정글
Mep,엠이피
Merry Motive,메리모티브
Mes Demoiselles,메드모아젤
Metapher,메타퍼
MICHAEL KORS,마이클코어스
MICHI,미치
Mikve,미크베
MILLIN,밀린
millioncor,밀리언코르
Millogrem,밀로그램
Mimicawe,미미카위
Minimal Project,미니멀 프로젝트
Minnchai,민채
Missoni,미쏘니
Missoni Mare,미쏘니 마레
Mitte,미테
Miu Miu,미우미우
MIXXO SECRET,미쏘 시크릿
MM6 MAISON MARGIELA,엠엠6 메종 마르지엘라
Moaa,모아
Mobler,모블러
molliolli,몰리올리
MONCLER,몽클레어
Moncler grenoble,몽클레어 그레노블
Mooneed,무니드
MOORER,무어러
MOOSE KNUCKLES,무스너클
More Or Less,모어올레스
Moschino,모스키노
MOTHER,마더
MR and MRS FUR,미스터 미세스퍼
Mr and Mrs Furs,미스터앤미세스퍼
Mr and Mrs Italy,미스터앤미세스이태리
MR. by Lang,미스터바이랭
MSGM,엠에스지엠
Mudidi,무디디
Muer,뮤에
MULBERRY,멀버리
Murray Allan,머레이 알란
Mused,뮤제드
MUSEE,뮤제
Muveclothing,머브클로딩
Myos,묘스
N21,넘버투에니원
Naguisa,나귀사
Nancy Boo,낸시부
NAPAPIJRI,나파피리
nau,나우
Ncover,엔커버
Near&Dear,니어앤디어
Neikidnis,네이키드니스
NEIL BARRETT,닐 바렛
NEPA,네파
Nick N Nicole,닉 앤 니콜
NIKE,나이키
NOBIS,노비스
Nocle,노클
Node,노드
NOIR,느와
Noir Kei Ninomiya,느와 케이 니노미
Noirer,노이어
Nonlocal,논로컬
Nornot,노르낫
NOT,엔오티
Notus,낫어스
Nouve,누브
Novecento Boutique,노베첸토 부티크
Nu Parcc,누팍
NUDE,누드
Nuvo.10,누보텐
N°21,넘버21
O!Oi Collection,오아이오아이 콜렉션
Oaar,오아르
October Second,옥토버 세컨드
OEL,오이엘
OFF WHITE,오프화이트
OFFANDOFF,오프앤오프
OLDBē,올드비
ONNE,온느
Openennd,오픈엔드
OPENING CEREMONY,오프닝 세레모니
Ordinary People,오디너리 피플
Oseree,오세리
Oui Mais Non,위메농
OURSELVES,아워셀브스
Ownport,온포트
Palais de Klimt,빨레드클림트
Palm Angels,팜 엔젤스
Paloma Wool,팔로마울
Par Avion,파르아비옹
PARAJUMPERS,파라점퍼스
Parosh,파로쉬
Pars,빠흐
Paul Smith,폴 스미스
peces,페세스
Pepour,페포어
PHILIPP PLEIN,필립플레인
Philosophy,필로소피
Pinblack,핀블랙
Pinko,핀코
Plastic Product,플라스틱 프로덕트
PLUSHMERE,플러쉬미어
Poesiedame,포에지담
POLER STUFF,폴러스터프
Pool,풀
Prada,프라다
Pure Cashmere NYC,퓨어캐시미어 앤와이씨
Pushbutton,푸시버튼
PYRENEX,피레넥스
QT8 Garments,큐티에잇 가먼츠
Quafe,꽈페
Quietist,콰이어티스트
RA:D RE:D,라드레드
RAINS,레인즈
Raive,레이브
Ramolin,라모랭
Raw To Raw,로우투로우
Ray Shiso,레이시소
RE RHEE,리이
Reebok,리복
Reehue,리휴
RENEJ,르네제이
RePLAiN,리플레인
Repwcet,렙셋
Rinjeon,린전
RNOT,알엔오티
Roajeu,로아즈
Rocci Rocci,로씨로씨
ROCKET X LUNCH,로켓런치
Rockfish Weatherwear,락피쉬 웨더웨어
Rockwear,락웨어
Rohee AP,로희어패럴
rolarola,로라로라
RROES,로에스
RS9seoul,에스나인서울
RSVP,알에스브이피
Ruhm,루흠
RYOO,알와이오오
Ryul+Wai:,률앤와이
S Solezia,에스쏠레지아
S.LRIAHH,에셀리아
Sacai,사카이
Saimi Jeon,사이미전
SAINT JAMES,세인트 제임스
SAINT LAURENT,생 로랑
Saint Luxure,생럭슈
Salad Bowls,샐러드볼즈
Salon de Yohn,살롱드욘
SALVATORE FERRAGAMO,살바토레 페라가모
Sara Battaglia,사라 바타글리아
SAUNALABS,사우나랩스
Saysky,세이스카이
Scallop,스캘럽
Sean Makes Cloth,션메익스클로스
Sec By Rigoon,섹 바이 리군
See By Chloe,씨바이클로에
Self Portrait,셀프 포트레이트
SEOGI,서기
Seoul Apparel,서울 어패럴
SEWCLASSIC,쏘우클래식
SHINE ON YOU,샤인온유
SIMPLE BISCUIT,심플비스킷
Siusiu,시우시우
SIWY,씨위
Sixsox,식스삭스
Siyazu,시야주
SLEEPYCAT,슬리피캣
Slo Arc,슬로아크
Slow Universe,슬로우 유니버스
Slowmove,슬로우무브
Slowpoke,슬로우포크
Smith Armor,스미스아머
Socks The Language,삭스더랭귀지
SOLELOOP,쏠룹
Soonsu,순수
Sophy＆Taylor,소피앤테일러
Sorry Too Much Love,쏘리투머치러브
SOUMERE,쏘우미르
SPORTY and RICH,스포티앤리치
Stan Ard,스탠 아드
Stan Ray,스텐 레이
Stay Gold,스테이 골드
Stay With Me,스테이위드미
STAYPEOPLE,스테이피플
Stella McCartney,스텔라 메카트니
STONE ISLAND,스톤 아일랜드
Studio G,스튜디오 지
Studio Paul & Company,스튜디오폴앤컴퍼니
Studio Quisseh,스튜디오 키세
STUSSY,스투시
Suare,수아레
Sub_Urban Riot,서브얼반리옷
SUNNEI,써네이
Suure,슈어
Sweet One Eighty,스윗원에이티
SYJHOESA,SYJHOESA
Taechang,태창
Tagliatore,딸리아또레
Tailor Studio,테일러 스튜디오
TAZE,테이즈
tetu,떼뚜
Texture,텍스쳐
Texture Zero,텍스쳐 제로
TFT,티에프티
The Abon,더 에이본
The Ashlynn,더애쉴린
The AtG,더엣지
The Loom,더 룸
THE MILE,더마일
The North Face,노스페이스
The RESQ,더레스큐
The Studio K,더스튜디오케이
The Suin,더 수인
The tis,더티스
THE WEATHER IS AWESOME,더웨더이즈어썸
Thi:m,띔
Timberland,팀버랜드
TimeAlone,타임얼론
Tmo By 13Month,티엠오 바이 써티먼쓰
TMRW,티엠알더블유
Tom Ford,톰 포드
TOPS,탑스
Tose,토새
Toykeat,토이킷
Treed,트리드
TWIN SET,트윈셋
TWINS FLORENCE,트윈스 플로렌스
ULLA JOHNSON,울라 존슨
ULLALA,울랄라
ULTRACHIC,울트라시크
Unalloyed,어널로이드
Unbday,언비데이
Undercover,언더커버
Underlabel,언더라벨
Underyouth,언더유스
Unfold,언폴드
Unlikelook,언라이크룩
Unlimit,언리밋
UNRAVEL,언래블
URAGO,유라고
Urban Players,어반 플레이어스
Urbandtype,Urbandtype
URNAVY,유어네이비
Usual Edit,유주얼에딧
Valentino,발렌티노
Valentino Garavani,발렌티노 가라바니
VDR,비디알
Vem.ver,벰버
Vente,방떼
Veronica For London,베로니카 포 런던
Versace,베르사체
VERVE,버브
VETEMENTS,베트멍
VHX,브이에이치엑스
Victoria Beckham,빅토리아 베컴
View Y,뷰와이
VIVIENNE WESTWOOD,비비안 웨스트우드
Vlanda,블란다
VLEEDA,블리다
VOYONN,보연
VW Verawang,브이더블유 베라왕
Wai Kei,와이케이
Wardrobe,와드로브
watchoutbaby,왓치아웃베이비
WEATHER TURNING STUDIO,웨더터닝스튜디오
Whateverwewant,왓에버위원트
Why Jay,와이제이
WILDFOX,와일드폭스
Win Li,윈리
WKNDRS,위캔더스
Wonder Visitor,원더 비지터
Woolrich,울리치
Wundergeist,분더가이스트
Wuzu Studio,우주스튜디오
Wyse London,와이즈 런던
Xtonz,엑스톤즈
Y Project,와이 프로젝트
Y-3,와이쓰리
Y-3 ADIDAS,와이 쓰리 아디다스
Yan 13,얀 13
YIGNIL,이그닐
YMCL KY,와이엠씨엘 케이와이
YOHJI YAMAMOTO,요지 야마모토
You Need Garments,유니드 가먼츠
YouNess,유니스
Yuje,유제
Yuppe,엽페
YVES SALOMON,이브살로몬
Yvesga,이베스가
ZADIG and VOLTAIRE,쟈딕앤볼테르
Zimmermann,짐머만
,
,
,
여기부터,남성의류
032c,032c
1159studio,일일오구스튜디오
13Month,써틴먼스
1507,1507
261EUI,261이유아이
320Showroom,320쇼룸
3rd Weave,써드위브
424 ON FAIRFAX,포투포 온 페어팩스
5252 by o!oi,오아이오아이
82SEOUL,82서울
A COLD WALL,어 콜드 월
A Label,에이라벨
A Nothing,어낫띵
A.P.C.,아페쎄
ACNE STUDIOS,아크네 스튜디오
ADD,애드
Akiii Classic,아키 클래식
Al Duca DAosta 1902,알두까다오스타
Alanui,알라누이
ALEXANDER MCQUEEN,알랙산더 맥퀸
ALEXANDER WANG,알렉산더 왕
ALLSAINTS,올세인츠
Alpha Industries,알파 인더스트리
ALYX,알릭스
al_season,아엘시즌
AMBUSH,엠부시
Amiri,아미리
Amu,아무
Anc 1.5,앙크 1.5
Andneeds,앤니즈
Angel Socks,엔젤삭스
ANN DEMEULEMEESTER,앤 드뮐미스터
Another day of sun,어나더데이오브썬
Another Frame,어나더 프레임
Another Leader,어난더리더
ANTONY MORATO,안토니모라토
Archivments,아카이브먼츠
Ardorobe,아더로브
ARMANI,아르마니
ARMEO.D,아르메오디
Armorlux,아머럭스
ASPIVOT,에스파이벗
Asura,아수라
Atempo,아템포
ATHENA DESIGNS,아테나 디자인
ATHPLATFORM,애스플래폼
AYIHOLIC cashmere,아이홀릭 캐시미어
B Slash B,비슬래쉬비
B:MING by BEAMS,비밍 바이 빔즈
Balancewood,밸런스우드
Balenciaga,발렌시아가
Ballantyne,발렌타인
BALLY,발리
BAND OF OUTSIDERS,밴드 오브 아웃사이
Barba,바르바
BARBOUR,바버
BARBOUR X ENGINEERED GARMENTS,바버엔지니어드가먼츠
BEAMS,빔즈
Bearded Kid,비얼디드키드
Bebums,비범스
Bellief,벨리프
BENSIMON,벤시몽
Betterthan88,베러댄88
Beyond Closet,비욘드 클로젯
Bframe,비프레임
BIG PARK,빅팍
BILLIONAIRE,빌리어네어
BILLY,빌리
Bird Che,버드 체
Blank03,블랭크공삼
BLND,블렌드
Boglioli,볼리올리
Boss,보스
BOTTEGA VENETA,보테가 베네타
BRIAN berry,브라이언 베리
Brick,브릭
Brown Breath,브라운 브레스
Bruman,브루먼
Brunello Cucinelli,브루넬로 쿠치넬리
BUILD the GOOD,빌더굿
BURBERRY,버버리
BUSCEMI,부세미
Calvin Klein Jeans,캘빈클라인
Cargobros,카고브로스
Carhartt,칼하트
CASABLANCA,카사블랑카
Ce And,씨이앤
Celebshop Edition,셀렙샵 에디션
CELINE,셀린느
CER,씨이알
CHAEnewyork,채뉴욕
Chamasportslab,차마스포츠랩
Champion,챔피온
Chiquita,치키타
CHK,씨에이치케이
CHRISTIAN DIOR,크리스챤 디올
CHUACHU,츄아츄
Chuck,척
CK Performance,씨케이 퍼포먼스
CK Underwear,씨케이 언더웨어
Clecle,클레클레
Clove,클로브
codes combine innerwear,코데즈컴바인이너웨어
Coinonia,코이노니아
Colley,콜리
Comsonnot,꼼소넛
Controbanale,콘트로바날레
CONVERSE,컨버스
COUCOU,코우코우
Country Powder,컨츄리파우더
CP COMPANY,CP 컴퍼니
Damage Mnemonic,데미지니모닉
Damn Good Life,댐 굿 라이프
Daniel Cremieux,다니엘 크레뮤
Deans,딘스
Dear Miler,디어 마일러
Dgre,디그레
DIESEL,디젤
Dimitri Black,디미트리 블랙
Dior,디올
DIOR HOMME,디올 옴므
Doctorsocks,닥터삭스글로벌
DOLCE and GABBANA,돌체앤가바나
Dozoh,도조
Dprique,디프리크
Dreamworld,드림월드
DRIES VAN NOTEN,드리스 반 노튼
DROLE DE MONSIEUR,드홀 드 무슈
DSQUARED2,디스퀘어드2
DUVETICA,듀베티카
E.TAUTZ,이타우츠
Eblin,에블린
Eddie Bauer,에디바우어
EDITIONS MR,에디시옹 엠알
Ekhon,에콘
ellon arc,엘런아크
Emergency,이머전시
Emporio Armani,엠포리오 아르마니
EP2B70,이피이비칠공
Ephe,에페
Ermenegildo Zegna,에르메네질도 제냐
ESFAI,에스파이
Etre Seoul,Etre Seoul
Etro,에트로
EYTYS,이티스
Faith Connexion,페이스 커넥션
FANGOH,팽고
Fay,페이
FEAR OF GOD,피어 오브 갓
Featherworks,페더웍스
FENDI,펜디
Feng Chen Wang,펑 첸 왕
Filobisknot,필로비스놑
Filson,필슨
FINDCHILLIN,파인드칠린
FLXBL,플렉서블
Franco Ferraro,프랑코 페라로
FRANKIE MORELLO,프랭키 모렐로
Gabriel Lee,가브리엘리
Gac,객
GCDS,쥐씨디에스
General Idea,제너럴 아이디어
Gildan,길단
Giorgio Armani,조르지오 아르마니
Giorgio Brato,조르지오 브라토
GIVENCHY,지방시
Gloverall,글로버올
Gocori,고코리
GOLDEN GOOSE,골든 구스
GOOD ON,굿온
Googongfast,구공패스트
gorman,고먼
Gramicci,그라미치
Greg Lauren,그렉 로렌
Grid Seoul,그리드 서울
Groundwave,그라운드웨이브
GUCCI,구찌
GUESS UNDERWEAR,게스언더웨어
Haider Ackermann,하이더 아크만
Harris Wharf London,해리스 워프 런던
Have Less,해브레스
Hds,에이치디에스
Heavy Culture,헤비컬쳐
Heichblade,에이치블레이드
Helement,힐리먼트
HERNO,에르노
Heroine,히로인
Heron Preston,헤론 프레스톤
HIDDEN FOREST MARKET,히든포레스트마켓
HIGHSCHOOL DISCO,하이스쿨디스코
Hinge,힌지
Holden,홀덴
Holynumber7,홀리넘버세븐
HOMECORE,홈코어
HOOD BY AIR,후드 바이 에어
Horlisun,홀리선
HOWEAR,HOWEAR
Hunt Innerwear,헌트이너웨어
Iannmore,Iannmore
ICEBERG,아이스버그
IENKI IENKI,앤키앤키
Iggys Jazz House,이기스 재즈 하우스
IH NOM UH NIT,이놈어닛
IL Corso,일꼬르소
Imirk,아이멀크
Imperial Motion,임페리얼 모션
inA,인에이
Ines,이네스
Instantfunk,인스턴트펑크
Iolo,이올로
ISABEL MARANT,이자벨 마랑
Isabel Marant Etoile,이자벨 마랑 에뚜왈
Itsean,잇츠션
J Rium,제이리움
J.Chung,제이청
Jack N Jill,잭앤질
JACOB COHEN,야콥 코헨
Jacquemus,자크뮈스
Jaime Blanc,제이미블랑
Jain Song,제인송
Jean-Michel Basquiat,장미쉘 바스키아
JEILIM,제이림
JIL SANDER,질 샌더
Joseph,조셉
Jo‘s lounge,조스라운지
Jude McCall,주드맥콜
juneci,주네시
Junya Watanabe,준야 와타나베
Just Don,저스트 돈
Kai Aakmann,카이아크만
Kaneitei,카네이테이
KANGOL,캉골
Katrina K,카트리나 케이
Keek,키크
Kei Current,케이 커런트
KENZO,켄조
Kick The Beat,킥더빗
Knitly,니틀리
Koleat,콜릿
KULE,큘
LACOSTE,라코스테
LANEUS,라네우스
LANVIN,랑방
Lardini,라르디니
le cashmere,르 캐쉬미어
Leire,르아르
LESARTISTS,레스아티스트
Letter Como,레테르코모
Line Studio One,라인스튜디오원
Loeil,로에일
Loewe,로에베
London Grocery Market,런던 그로서리 마켓
London Tradition,런던 트레디션
Loner,로너
Lookarrround,룩어라운드
Lord John Grey,로드 존 그레이
Loro Piana,로로피아나
Lunecave,룬케이브
Luoneer,루오니어
Luvur,럽유어
Lyceenne,리센느
M12,엠트웰브
Mackage,맥케이지
Mackintosh,매킨토시
Madmars,매드마르스
MAGFORCE,맥포스
Magoodgan,맥우드건
MAISON MARGIELA,메종 마르지엘라
MARC JACOBS,마크제이콥스
MARCELO BURLON,마르셀로 불론
Marmota,마르모타
MARNI,마르니
MARTINE ROSE,마틴 로즈
MARYYA,마리야
Massnoun,매스노운
MATÉRIEL,머트리엘
Maurizio Miri,마우리치오미리
MAXXIJ,막시제이
Men In Jungle,맨인정글
Mep,엠이피
Miami Project,마이애미 프로젝트
MILLIN,밀린
millioncor,밀리언코르
Millogrem,밀로그램
Minimal Project,미니멀 프로젝트
Missoni,미쏘니
Moaa,모아
Mobler,모블러
MONCLER,몽클레어
Moncler grenoble,몽클레어 그레노블
MOORER,무어러
MOOSE KNUCKLES,무스너클
More Or Less,모어올레스
Moschino,모스키노
MR and MRS FUR,미스터 미세스퍼
Mr and Mrs Furs,미스터앤미세스퍼
Mr and Mrs Italy,미스터앤미세스이태리
MSGM,엠에스지엠
Mudidi,무디디
Murray Allan,머레이 알란
Muveclothing,머브클로딩
MYTHS,미쓰
NANAMICA,나나미카
Nancy Boo,낸시부
NAPAPIJRI,나파피리
nau,나우
Ncover,엔커버
NEEDLES,니들스
Neikidnis,네이키드니스
NEIL BARRETT,닐 바렛
NEPA,네파
Nick N Nicole,닉 앤 니콜
NIKE,나이키
NOBIS,노비스
Nocle,노클
Node,노드
Nogreed,노그리드
Noirer,노이어
Noon Goons,눈 군스
Nornot,노르낫
Nuvo.10,누보텐
Oaar,오아르
OAMC,오에이엠씨
OEL,오이엘
OFF WHITE,오프화이트
OFFANDOFF,오프앤오프
OLDBē,올드비
OMC,오엠씨
Oorrddiinnaarryy,오디너리
OPENING CEREMONY,오프닝 세레모니
Ordinary People,오디너리 피플
OURSELVES,아워셀브스
Palm Angels,팜 엔젤스
PANICALE,빠니깔레
PARAJUMPERS,파라점퍼스
Pars,빠흐
patagonia,파타고니아
Paul Smith,폴 스미스
PHILIPP PLEIN,필립플레인
PHIPPS,핍스
Plastic Product,플라스틱 프로덕트
Plus Que Ma Vie,플러스 퀘 마 비에
POLER STUFF,폴러스터프
Pool,풀
Portuguese Flannel,포르투기스 플란넬
Prada,프라다
PT01,피티제로우노
PUMA,퓨마
Pure Cashmere NYC,퓨어캐시미어 앤와이씨
PYRENEX,피레넥스
QT8 Garments,큐티에잇 가먼츠
Quafe,꽈페
Quietist,콰이어티스트
RAF SIMONS,라프 시몬스
RAINS,레인즈
Ramolin,라모랭
Raw To Raw,로우투로우
Ray Shiso,레이시소
RE RHEE,리이
RHUDE,루드
Roberto Collina,로베르토 콜리나
Rocci Rocci,로씨로씨
ROCKET X LUNCH,로켓런치
rolarola,로라로라
Rowing Blazers,로잉 블레이저
RROES,로에스
RSVP,알에스브이피
RYOO,알와이오오
Sacai,사카이
SAINT JAMES,세인트 제임스
SAINT LAURENT,생 로랑
Salad Bowls,샐러드볼즈
SALVATORE FERRAGAMO,살바토레 페라가모
SAUNALABS,사우나랩스
Saysky,세이스카이
SEOGI,서기
SEWCLASSIC,쏘우클래식
Siusiu,시우시우
Sixsox,식스삭스
Slow Universe,슬로우 유니버스
Slowpoke,슬로우포크
Smith Armor,스미스아머
Socks The Language,삭스더랭귀지
Solew,소루
Sortie,솔티
SOUTH2 WEST8,사우스 2 웨스트 8
SSS World Corp,월드코퍼레이션
Stan Ard,스탠 아드
Stan Ray,스텐 레이
STAYPEOPLE,스테이피플
Stella McCartney,스텔라 메카트니
STONE ISLAND,스톤 아일랜드
Studio Paul & Company,스튜디오폴앤컴퍼니
STUSSY,스투시
Suare,수아레
Sub_Urban Riot,서브얼반리옷
SUNNEI,써네이
SUNSPEL,선스펠
Taechang,태창
Tagliatore,딸리아또레
Tailor Studio,테일러 스튜디오
TAZE,테이즈
Texture Zero,텍스쳐 제로
The Abon,더 에이본
THE MILE,더마일
The North Face,노스페이스
The RESQ,더레스큐
The Studio K,더스튜디오케이
THE WEATHER IS AWESOME,더웨더이즈어썸
THEMANN,더만
Thestori,더스토리
Timberland,팀버랜드
TMRW,티엠알더블유
Tom Ford,톰 포드
TOMBOLINI,톰볼리니
TOPS,탑스
Toykeat,토이킷
TRVR,티알브이알
ULLALA,울랄라
Unalloyed,어널로이드
Unbday,언비데이
Undercover,언더커버
Underlabel,언더라벨
Underyouth,언더유스
Unfold,언폴드
Unlikelook,언라이크룩
Unlimit,언리밋
Urban Players,어반 플레이어스
Urbandtype,Urbandtype
Usual Edit,유주얼에딧
Vabeu,바베우
Valentino,발렌티노
Valentino Garavani,발렌티노 가라바니
Vanone,반원
VANS,반스
VDR,비디알
Versace,베르사체
VETEMENTS,베트멍
VHX,브이에이치엑스
VIVIENNE WESTWOOD,비비안 웨스트우드
VLEEDA,블리다
Wai Kei,와이케이
WALK OF SHAME,워크오브쉐임
Wardrobe,와드로브
Whateverwewant,왓에버위원트
WHITE MOUNTAINEERING,화이트 마운티니어링
Wild Bricks,와일드브릭스
Win Li,윈리
WKNDRS,위캔더스
Wonder Visitor,원더 비지터
Woolrich,울리치
Wundergeist,분더가이스트
XACUS,자쿠스
Xtonz,엑스톤즈
Y Project,와이 프로젝트
Y-3,와이쓰리
Y-3 ADIDAS,와이 쓰리 아디다스
Yan 13,얀 13
YMC,와이엠씨
YMCL KY,와이엠씨엘 케이와이
YOHJI YAMAMOTO,요지 야마모토
You Need Garments,유니드 가먼츠
Yuje,유제
Yup,여피
Yuppe,엽페
Yvesga,이베스가
Z Zegna,지 제냐
Zanone,자노네