여기부터, 여성의류
10 Corso Como,10 꼬르소꼬모
6397,육삼구칠
890311,890311
8Seconds,에잇세컨즈
Alice + Olivia,엘리스 앤 올리비아
ami,아미
Aspesi,아스페시
Barena Venezia,바레나 베네치아
Beanpole Golf,빈폴 골프
Beanpole Ladies,빈폴 레이디스
Beanpole Men,빈폴멘
Beanpole Sport,빈폴 스포츠
BROOKS,브룩스
B_,비 언더바
CANADA GOOSE,캐나다구스
Closed,클로즈드
COMME des GARCONS,꼼데가르송
Danton,단톤
Handvaerk,핸드베르크
HEARTIST,하티스트
James Perse,제임스펄스
Juun.J,준지
KUHO,구호
kuho plus,구호플러스
Lansmere,란스미어
LEBEIGE,르베이지
LEMAIRE,르메르
Maison Kitsuné,메종키츠네
MELISSA,멜리사
OIAUER,오이아우어
Orion For BEAKER,오리온 포 비이커
PLAN C,플랜 씨
Rag and Bone,랙앤본
SLOWEAR,슬로웨어
The Editor,디에디터
Theory,띠어리
,
여기부터, 남성의류
10 Corso Como,10 꼬르소꼬모
890311,890311
8Seconds,에잇세컨즈
ami,아미
Aspesi,아스페시
Barena Venezia,바레나 베네치아
Beanpole Golf,빈폴 골프
Beanpole Ladies,빈폴 레이디스
Beanpole Men,빈폴멘
Beanpole Sport,빈폴 스포츠
BROOKS,브룩스
B_,비 언더바
CANADA GOOSE,캐나다구스
Closed,클로즈드
COMME des GARCONS,꼼데가르송
Danton,단톤
Galaxy,갤럭시
Galaxy Lifestyle,갤럭시 라이프스타일
Handvaerk,핸드베르크
HEARTIST,하티스트
James Perse,제임스펄스
Juun.J,준지
Lansmere,란스미어
LEMAIRE,르메르
Maison Kitsuné,메종키츠네
MVIO,엠비오
Rag and Bone,랙앤본
Rogatis,로가디스
SLOWEAR,슬로웨어
SUITSUPPLY,수트서플라이
The Editor,디에디터
Theory,띠어리