6397,육삼구칠
Ader Error,아더 에러
AGOLDE,에이골디
Aimons,에몽
Alain Barsch,알란 바쉬
Alexa Chung,알렉사 청
ALR,에이엘알
Amomento,아모멘토
Anne Vest Furhouse,앤 베스트 퍼하우스
AS65,에이에스65
Aspesi,아스페시
Auralee,오라리
B SIDES,비 사이즈
Barena Venezia,바레나 베네치아
BASERANGE,베이스랜지
Batsheva,밧쉬바
BEAKER,비이커
BIRTHDAYSUIT,벌스데이수트
Black Crane,블랙 크레인
Bliss And Mischief,블리스 앤 미스치프
Blue Blue Japan,블루블루 재팬
BLUR 1.0,블러
BODE,보디
Bouton,브통
B_,비 언더바
CAYL,케일
Chinti & Parker,친티앤파커
Closed,클로즈드
Collina Strada,콜리나 스트라다
Coperni,코페르니
Crista Seya,크리스타 세야
Current Elliott,커런 엘리엇
Danton,단톤
Demy Lee,데미 리
Denimist,데니미스트
Earthkiss,어스키스
Eckhaus Latta,에크하우스 라따
Eenk,잉크
Eftychia,에프티히아
ENFOLD,엉폴드
ENZO BLUES,엔조블루스
Etre Cecile,에뜨르 세실
EXTREME CASHMERE,익스트림 캐시미어
Forte Forte,포르테 포르테
Frame,프레임
Gallego Desportes,가예고 데스포르테
GANNI,간니
Goen.J,고엔제이
Handvaerk,핸드베르크
Hansel From Basel,한셀 프롬 바셀
Happening,해프닝
Helmut Lang,헬무트랭
Hidden Forest Market,히든 포레스트 마켓
Holiday Boileau,홀리데이 부알로
HOWLIN,하울린
IENKI IENKI,이엔키 이엔키
James Perse,제임스펄스
JE NE SAIS QUOI,주느세콰
Jour.Ne,주네
Julien David,줄리앙 데이비드
Katharine Hamnett,캐서린햄넷
Khris Joy,크리스조이
KIJUN,키준
KLOKE,클로크
kompakt Record Bar,콤팩트 레코드 바
KWAIDAN EDITIONS,콰이단 에디션즈
Lauren Manoogian,로렌 마누지안
LE17SEPTEMBRE,르917
LEONE,레오네
Liberty,리버티
Low Classic,로우클래식
LVIR,르비에르
Moia,모이아
MONOGRAM,모노그램
Morgano,모르가노
Name,네임
Nanushka,나누슈카
NEEDLES,니들즈
Neul,늘
Nicholson & Nicholson,니콜슨 앤 니콜슨
Nili Lotan,닐리로탄
Nohant,노앙
Noritake,노리타케
Nothing Written,낫띵리튼
Onar,오나스튜디오
Opening Ceremony,오프닝세레모니
ORCIVAL,오르치발
Orion For BEAKER,오리온 포 비이커
Our Legacy,아워레거시
Paloma Wool,팔로마 울
Patou,파투
PLYS,플라이스
PRISCAVera,프리스카베라
R13,알썰틴
Rachel Comey,레이첼 코미
RE DONE,리던
Recto,렉토
Rejina Pyo,레지나표
Sea NY,씨 뉴욕
Seya,세야
Sibel Saral,사이벨 사랄
Simon Miller,사이먼 밀러
Sini,시니
Small Stuff,스몰 스터프
SOE,소이
Sofie D`Hoore,소피 드후레
SPORTY & RICH,스포티 앤 리치
STAND ALONE,스탠드얼론
Stereo Vinyls,스테레오 바이널즈
Studio Nicholson,스튜디오니콜슨
Survival of the Fashionest,서바이벌 패셔니스트
Tach,타크
Teija,테이자
TELFAR,텔파
The Editor,디에디터
The Great,더 그레잇
TheOpen Product,더오픈 프로덕트
Thisisneverthat,디스이즈네버댓
Unfil,언필
Veronica Beard,베로니카 비어드
VERSO,VERSO
Verutum,베루툼
Via Plain,비아플레인
Victoria Bakery x BEAKER,Victoria Bakery x BEAKER
VIS A VIS,비자비
Wellder,Wellder
Wild Donkey,와일드 동키
WOS,워크오브쉐임
YOKE,요크
,
,
여기부터,남성의류
Ader Error,아더 에러
Adidas Originals,아디다스 오리지널
ARIES ARISE,에이리스 어라이즈
Aspesi,아스페시
Auralee,오라리
Baracuta,바라쿠타
Barena Venezia,바레나 베네치아
Batoner,바토너
BEAKER,비이커
BIRTHDAYSUIT,벌스데이수트
Botter,바터
Brownyard,브라운야드
B_,비 언더바
CAL O LINE,칼 오 라인
Camiel Fortgens,카미엘 포트젠
Camo,카모
CARHARTT,칼하트
Carrots,캐롯
CAYL,케일
Chinatown Market,차이나타운 마켓
Cini,치니
Closed,클로즈드
Columbia,컬럼비아
Comoli,코모리
Corgi,코르기
Covert,커버트
Danton,단톤
De Bonne Facture,드 본느 팩쳐
Department 5,디파트먼트5
Earthkiss,어스키스
Eastlogue,이스트로그
Editions M.R,에디시옹 엠알
Eenk,잉크
Engineered Garments,엔지니어드 가먼츠
Etudes,에뛰드
FCE,에프씨이
Futur,퓨처
Handvaerk,핸드베르크
Haversack,하버색
Hed Mayner,Hed Mayner
Helmut Lang,헬무트랭
Holidays Comfort,홀리데이 컴포트
HOWLIN,하울린
IENKI IENKI,이엔키 이엔키
IISE,이세
James Perse,제임스펄스
Junior Executive,주니어 이그제큐티브
Kaptain Sunshine,캡틴 선샤인
KNOW WAVE,노웨이브
kompakt Record Bar,콤팩트 레코드 바
LE17SEPTEMBRE HOMME,르917 옴므
LEONE,레오네
Maison Flaneur,메종 플라네르
Markaware,마카웨어
Martine Rose,마틴로즈
Moia,모이아
MOIF,모이프
Monitaly,모니탈리
Morgano,모르가노
Name,네임
Nanamica,나나미카
Nanushka,나누슈카
NEEDLES,니들즈
Nohant,노앙
Noritake,노리타케
ORCIVAL,오르치발
Ordinary Fits,오디너리 피츠
ORSLOW,오어슬로우
Our Legacy,아워레거시
Paul and Shark,폴앤샤크
Pleasures,플레져스
POLYTERU,폴리테루
POTTERY,포터리
Puma,푸마
R13,알썰틴
Represent,리프레젠트
Riding High,라이딩하이
Sillage,실라주
SOE,소이
Soldout,솔드아웃
South2 West8,사우스투 웨스트에잇
STANCE SEOUL,스탠스 서울
Stereo Vinyls,스테레오 바이널즈
Studio Nicholson,스튜디오니콜슨
Sunnei,써네이
SUNSPEL,썬스펠
TAION,타이온
Teatora,테아토라
Ten C,텐 씨
The Editor,디에디터
Thisisneverthat,디스이즈네버댓
Tres Bien,트레비앙
UNAFFECTED,언어펙티드
UNDERCOVER,언더커버
Verutum,베루툼
Wellder,Wellder
Wild Donkey,와일드 동키
WOOLRICH,울리치
YOKE,요크
Yoko Sakamoto,요코 사카모토
YOUTH,유스