영문명,국문명
ABITMOR,어빗모어
AHAUTE,어오트
ALUS,알루스
amon,아몽
ANORMAL,에이노멀
ANOTHING,어낫띵
APAPERCUT,어페이퍼컷
atouteheure,토엘
A.Bell,에이벨
A.franc,에이프랑
A.KURTZ,에이커츠
A.MENTE,에이멘테
A.MERIDIEM,에이.메리디움
a.mont,에이몬트
a.neujac,아느작
A.O,얼라인오브젝트
A.P.C,아페쎄
A.P.C.,아페쎄
A.ROUND,에이.라운드
a.t.corner,앳코너
a;LABEL,에이레이블
A24,에이투포
AAA,트리플에이
AAC,더블에이씨
Aall,에이올
Aalok,알록
AAN,앤
ABCREW,앱크루
abill,에이빌
Abiruz,아비루즈
ABODE&CO,아보드앤코
ABONNE,아보네
Aborn,에어본
ABRAHAMKHANGUL,아브라함케이한글
Absolution,압솔루시옹
ABYSS,아비스
ACBINE,아크바인
ACCRUE,어크루
Acelly,어셀리
ACHIO,아치오
ACIDBLACK,에시드블랙
acmedelavie,아크메드라비
AcneStudios,아크네스튜디오
ACOC,아코크
A-COLD-WALL,어콜드월
ACONTT,에이컨
ACOOPU,아쿠푸
ACOQ,아코크
AcornSeoul,아콘서울
acrobat,아크로밧
ACUD,아쿠드
AdamaAlma,아다마알마
ADAYIN,어데인
ADD,에드
ADDROBE,애드로브
ADDSTUDIO,애드스튜디오
addob,애드옵
ADE,에이드
ADERERROR,아더에러
ADIDAS,아디다스
ADLIELOS,에드리엘로스
ADNEE,아드네
ADORABLEMONSTER,어도러블몬스터
ADORE,아도르
ADSR,에이디에스알
ae,애
AECAWHITE,에이카화이트
AEER,아에르
Aeiou,아에이오우
AEKKI,애끼
AER,에이어
Aerographer,에어로그래퍼
AerographerVane,에어로그래퍼베인
AETERNO,에테르노
AFF,아프
AFFIX,아픽스
AFKLiving,에이에프케이리빙
AFRIMO,아프리모
AFTERPRAY,애프터프레이
AFTERGLOW,에프터글로우
aftertwo,애프터투
AGE,에이지
AGEDGRAY,에이지그레이
AGENDER,에이젠더
AGENTPEEK,
AGNEL,아그넬
AHC,에이에이치씨
AHEIT,어헤이트
Ahndronico,안드로니코
AHNI,아니
ahro,아로
ahwe,아위
AIDEN,에이든
Aikaa,아이카
Ailede,에르디
aimons,에몽
Aintcrack,에인트크랙
AIOU,앤드아이오유
AIRFRAME,에어프레임
AirofJune,에어오브준
AirCircle,에어서클
airedejeu,에흐드쥬
AIRINUM,에어리넘
AIRIVE,에어리브
Airpot,에어팟
aisevillage,아이즈빌리지
AISLEAD,아일리드
AitchAren,에이치아렌
AJINALEE,아지날리
AJOBYAJOORIGINALLABEL,아조바이아조오리지널라벨
AKAN,아칸
AKAW,아카우
AKEN,아켄
akro,아크로
alrischabyLupo,오키디루포
al_season,아엘시즌
alainn,알라인
ALANITHEGREY,알라니더그레이
ALBA,알바
ALDO,알도
ALESIAMANSION,알레지아맨션
ALETASANDALS,알레타샌들
AlexanderMcqueen,알렉산더맥퀸
AliBenson,알리벤슨
ALIENINA,알리에니나
AlimaPure,알리마퓨어
AllAboutSoo,올어바웃수
ALLCLASSIC,올클래식
ALLMYLIPS,올마이립스
AllThatPoster,올댓포스터
AllThatShines,올댓샤인
allbirds,올버즈
alldu,올듀
Allen.O,알렌오
ALLGRAY,얼그레이
ALLINCOMPLETE,올인컴플리트
ALLONGS,알롱
Alluz,올루즈
Almondo,알몬도
ALMONDON,아몬드온
ALOGON,알로곤
ALOGONGRAY,알로곤그레이
Alohas,알로하스
ALOINS,알로인스
alors,알로스
ALTEYAORGANICS,알티야오가닉스
ALYX,알릭스
AMADEE,아마디
AMAGSTUDIO,에임에이지스튜디오
amazhim,어메즈힘
AMAZINGCRE,어메이징크리
AMBIVALENCE,앰비밸런스
AMBUSH,앰부쉬
amellie,아멜리에
AMERICANAPPAREL,아메리칸어패럴
AMERICANEAGLE,
AmericanTourister,아메리칸투어리스터
AMES,아메스
Amethelabel,에임더라벨
AMFEAST,암피스트
AMI,아미
amiclo,아미끌로
amidapplause,아미드어플로즈
amioseoul,아미오서울
AMN,에이엠앤
AMOMENTO,아모멘토
AMONG,어몽
AMOUR,아무르
Amourmoier,아무르무아르
AMU,아무
AMUSEMELLOW,어뮤즈멜로우
amylucy,에이미루시
ANAMAISON,아나메종
Analogmood,아날로그무드
Anc1.5,앙크1.5
Anchor&Crew,앵커앤크루
ancoto,앙코토
ancu,안쿠
ANDYOU,앤유
ANDZ,엔드지
"and,today",앤드투데이
and.R,앤드알
And08,앤드에잇
ANDALOUNATURALS,안달로우내추럴스
andar,안다르
andblank,앤블랭크
ANDERSSONBELLforMEN,앤더슨벨포맨
ANDERSSONBELLforWOMEN,앤더슨벨포우먼
ANDEW,앤듀
andLAB,앤랩
ANDPAUL,앤드폴
ANDREAMOORE,안드레아무어
Andrew&Co,앤드류앤코
ANDROS,앤드로스
andseeyou,앤드씨유
ANDTHEOTHER,앤디아더
ANDY&DEBB,앤디앤뎁
ANEDIT,언에디트
ANGARDE,앙가드
ANGEODOR,앙쥬오도르
ANGELSOCKS,엔젤삭스
ANGELOBIANCO,안젤로비안코
ankor,앵커
ANNASUI,안나수이
ANNAFLAIR1986,애나플레어
ANNASUICOSMETICS,안나수이코스메틱
ANNEANDTHECRWD,앤앤더크라우드
ANNI,안니
ANNSPAPER,앤즈페이퍼
ANOBLIR,아노블리어
ANODDS,앤오즈
ANODREVE,애노드레브
ANOMIECOMPLEX,아노미컴플렉스
anothera,어나더에이
AnotherBridge,어나더브릿지
Anotherdayofsun,어나더데이오브썬
ANOTHERFRAME,어나더프레임
Anotherhome,어나더홈
AnotherJune,어나더쥰
AnotherLayer,어나더레이어
ANOTHERLEADER,어나더리더
ANOTHEROFFICE,어나더오피스
ANOTHERPLANET,어나더플래닛
anothermood,어나더무드
ANOUTFIT,언아웃핏
ANSWERINGBIRD,앤서링버드
ANTIMATTER,안티매터
ANTLER,엔틀러
Anua,아누아
ANVIL,엔빌
ANYDI,애니디
AOD,에이오디
AOEMQ,아오엠크
AOULIN,아우린
aphrose,아프로즈
APIECEOFCAKE,어피스오브케이크
APL,에이피엘
Aplus,에이플러스
APOA,아포아
apocofanfare,아포코팡파레
APolaroid,어폴라로이드
APOLIS,아폴리스
applepieorder,애플파이오더
AprilinMay,에이프릴인메이
APTO,앱토
AQOSTUDIOSPACE,아코스튜디오스페이스
aqumarin,아크마린
ARAC.9,아라크나인
ARCADECODE,아케이드코드
ARCADIA,아르카디아
ARCE,아르세
ARCHEE,아르셰
Archivepke,아카이브앱크
ARCO,아르코
ARCOPEDICO,아코페디코
ARC'TERYX,아크테릭스
ARDOROBE,아더로브
Arencia,아렌시아
ARETHAT,아르댓
AREUBAN,아르반
ARGITAL,아르지탈
ARGOBONI,아르고보니
ARGOTH,아르고스
ARIAK,아리악
ARKINU,아르키누
ARKKCOPENHAGEN,아크코펜하겐
ARMIYOU,아르미유
ARMORLUX,아머럭스
ARNO,아르노
Aroue,아루에
Arrr,아르르
ARTIFACTS,아트이프액츠
ARTENOSTUDIO,아르테노스튜디오
ARTICLE,아티클
ARTIS,아티스
ARTNCOLLECTION,아트앤컬렉션
ARTTI,아르띠
arvv,아르브
ASISTOBE,애즈이즈투비
AS65,에이에스65
ASHCOMPACT,애쉬컴팩트
ASHCROFT,애쉬크로프트
ASHELY&BAUER,애슐리앤바우어
ashgraystudios,애쉬그레이스튜디오
ASHLEYLIM,애슐리림
ASHROLEN,애쉬로렌
ASICS,아식스
asmade,에즈메이드
AsphaltKint,아스팔트킨트
ASPIVOT,에스파이벗
ASSISTSEOUL,어시스트서울
ASTAROTH,아스타로스
ASURA,아수라
ATFIRSTSIGHT,앳퍼스트사이트
ATHOME,앳홈
Atmoments,엣모먼츠
atthattime,앳댓타임
ATAR,아타르
ATCLIP,엣클립
ATELIERCOLOGNE,아틀리에코롱
ATELIERPARK,아뜰리에파크
atelierR.Lee,아뜰리에알리
AtelierSalondeJoy,아뜰리에살롱드조이
ATELIER901,아뜰리에901
atempo,아템포
ATEMSTUDIO,아텀스튜디오
ATESTUDIOS,에이티이스튜디오스
athe,아떼
athevanessabruno,아떼바네사브루노
ATHEVANESSABRUNOBAG,아떼바네사브루노백
ATHEVANESSABRUNOSHOES,아떼바네사브루노슈즈
ATHPLATFORM,애스플래폼
ATLANTICBEACH,애틀랜틱비치
ATLANTICSTARS,아틀란틱스타즈
ATMSTUDIO,에이티엠스튜디오
atoh,에토
ATOPALM,아토팜
ATRE,아트레
att.,에이티티
ATTICA,아티카
ATTITUDE;L,에티튜드엘
AUBEDEJ,오브드제이
Aubenuit,오브누잇
AUBOUR,아우브아워
audio-technica,오디오테크니카
AugustHarmony,어거스트하모니
AUMNIE,옴니
AURAI,아우라이
Aureola,아우레올라
AuroraShoe,오로라슈즈
Aut.,에이유트
autt,어트
AVAMOLLI,아바몰리
avajar,에이바자르
AVAM,아밤
AVECMOVEMENT,아베크무브먼트
AVECVOUS,아베크부
AVECELO,아베크엘로
AVECMOTO,아벡모토
AVEDA,아베다
Aveeno,아비노
Avene,아벤느
AVOIR,아브아
AVOIRNE,아브아르네
AVOUAVOU,아보아보
AVVISO,아비쏘
AWESOMEDEW,어썸듀
AWESOMEIMAGINATION,어썸이미지네이션
AWESOMENEEDS,어썸니즈
AXELARIGATO,악셀아리가토
AYKASA,아이카사
AYIHOLICcashmere,아이홀릭캐시미어
AYOUNGCOMPANY,아영상사
AYU,아유
AZERO,에이제로
babletwo,비에이블투
BSLASHB,비슬래쉬비
B&SOAP,비앤솝
"B,LINE",비라인
B.FRAME,비프레임
B.MOTTOLIVING,비모토리빙
b.oq,비옥
b1project,비원프로젝트
BAAN,반
BAAN,반
BAANBROWN,반브라운
BABAROSA,바바로사
BABYCENTAUR,베이비센토르
BABY-G,베이비지
backofthemoon,백오브더문
BADFACTORY,배드팩토리
BADEE,배디
BAEBAE,배배
BAEKWOL,백월
BAEKRO,백로
BAEK-YA,백야
BAGTOBASICS,백투베이직스
BAGGU,바구
BAGUE,바그
BAHUS,바후스
BAKESEOUL,베이크서울
BakedAlaska,베이크드알래스카
BAKESOLE,베이크솔
BALANCEWOOD,밸런스우드
BALANSA,발란사
BALANT,발란트
BALCONY,발코니
BALENCIAGA,발렌시아가
Balive,비얼라이브
Ballessimo,발레시모
BALLGAME,볼게임
BALLOP,밸롭
Ballu,발루
BALLUTE,발루트
BALLY,발리
Balmain,발망
BALMUDA,발뮤다
BALSA201,발사201
bamford,뱀포드
BAN.DO,밴도
BANALE,바날레
bananafitlight,바나나핏라이트
bananasisters,바나나시스터즈
BANASILSHOP,바나실샵
BANDALPET,반달펫
BANDATYI,반닫이
BANGAVI,반가비
BANTS,반츠
BAOBAO,바오바오
BARACCA,바라까
barambooks,바람북스
BARBOUR,바버
BARKER,바커
Barr.,바르
Barrel,배럴
BARTERA,바르테라
barton,바튼
BASIX,베이식스
BASQUETEAST,바스켓이스트
Bass,바스
Bastong,바스통
BASTOW,바스토
BathClip,바스클립
BATISTE,바티스트
BAUbyBrideAndYou,비에유바이브라이드앤유
BAUHS,바우스
Bbanzzac,반자크
bb'desoli'de,비비드솔리드
BBYB,비비와이비
BCbybeyondcloset,비욘드클로젯
BEBORNOF,비본오프
bemymood,비마이무드
BEPOLES,비폴스
BeREADY,비레디
be;comfort,비컴포트
Beardedkid,비얼디드키드
Beaubar,뷰바
BEAUDIANI,뷰디아니
BEAUTEK,보텍
Beautybeginning,뷰티비기닝
Beautybar&Beaura,뷰티바&비오라
beautymakers,뷰티메이커스
BeautypiaK,뷰티피아케이
BEBEDECO,베베데코
Bebello,베벨로
bebio,비바이오
BEBUMS,비범스
BEDFORD11TH,베드포드11
BEGIN2.0.2,비긴2.0.2
beheder,비헤더
BEIGIC,베이지크
BEKLARE,비클레어
BELIER,벨리에
BELLBOY,벨보이
BELLELIFE,벨라이프
Bellief,벨리프
Belluet,벨룻
BELVEDERE,벨베데레
belysa,베리사
BEMUSEMANSION,비뮤즈맨션
BENDAVIS,벤데이비스
benaco&fontana,베나코앤폰타나
BENEFIT,베네피트
BENEL,베넬
BENFIX,벤픽스
BENIBLA,베니블라
BENSIMON,벤시몽
beplain,비플레인
BERTUCCI,베르투치
betterday,베러데이
betterthanalcohol,베러댄알콜
BETTERKIND,베터카인드
BETTERS&,베럴즈앤
bettersome,베러썸
beyerdynamic,베이어다이나믹
BeyondClosetcollection,비욘드클로젯컬렉션
BGBERLIN,비지베를린
BIBIEM,비비엠
BIBINIQUE,비비니끄
bibyseob,바이바이섭
BICE,비체
BICYCLETROPHY,바이시클트로피
bienapartment501,비엔아파트먼트501
BIENSENTI,비엔센티
BIENSUR,비앙쉬르
BIFLAPPER,바이플래퍼
BigHugClub,빅허그클럽
BIGUNION,빅유니온
BIGMOUTH,빅마우스
BIGWAVECOLLECTIVE,빅웨이브컬렉티브
BIKERSTARLET,바이커스탈렛
bilingualwepraywework,바이링구얼위프레이위워크
BILLIONS,빌리언즈
Billys&co,빌리스앤코
BIMBAYLOLA,빔바이롤라
bimble,빔블
BINOVULAR,비노블라
BIORY,바이오리
BIOTHERM,비오템
BIOTHERMHOMME,비오템옴므
BIQUABICHE,비콰비채
BIRKENSTOCK,버켄스탁
birot,비롯
BIRTHDAYSUIT,벌스데이수트
biscuitshop,비스킷샵
BITTERBETTER,비터배터
Bittersweet-Jewels,비터스윗쥬얼스
Bjoue,브쥬
BKBC,비케이비씨
Black&Decker,블랙앤데커
BLACKMONSTER,블랙몬스터
BLACKBLOND,블랙블론드
BLACKSHEEP,블랙쉽
BLACX_YOHANIX,블락스요하닉스
BLAIM,블래임
BLANBLVN,블랑블랑
BLANC&ECLARE,블랑앤에클레어
BlancDecor,블랑데코
BLANCPOOL,블랑풀
blancsurblanc,블랑수블랑
BLANCTOE,블랑토
BLANK,블랭크
blank03,블랭크공삼
BLASKOV,블라스코
BLENZWORKS,블렌즈웍스
BLESSEDMOON,블레스문
BLEUDEPANAME,블루드빠남
BleuBlowStudio,블로블로스튜디오
BLINDLOOKINGFORESSENCE,블라인드루킹포에센스
BLINDNESS,블라인드니스
BLITHE,블라이드
BLONDNINE,블론드나인
BLOSSOM,블러썸
BLOWIND,블로윈드
BLUEELEPHANT,블루엘리펀트
BLUEMOUNTAIN,블루마운틴
bluesand,블루샌드
BLUEVINE,블루바인
BLUNDSTONE,블런드스톤
BLUR1.0,블러1.0
BLUSH,블러쉬
BLUSHED,블러쉬드
BLUV,블러브
BMSFRANCE,비엠에스프랑스
BMUET(TE),비뮈에트
BND,비앤디
BOBBIBROWN,바비브라운
BOBBLE,보블
BODYEFFECT,바디이펙트
BODYLABS,바디랩스
BODYLUV,바디럽
bodypixel,바디픽셀
bohemianblue,보헤미안블루
BoldriniSelleria,볼드리니셀레리아
BolinWebb,볼린웹
BOLSAC,볼삭
BOMANN,보만
BOMGOM,봄곰
BOMIE,보미
BonParfumeur,봉파르퓨메르
BON:E,본이
BONAK,보나크
BONBEAU,봉보
BONIEE,보늬
BONNEMAISON,본메종
BONNIE&BLANCHE,바니&블랜치
BONRAW,본로우
BONSAINTZ,본세인츠
bonuma,본뉴마
BOONTHESHOP,분더샵향수
BOOSTICSUPPLY,부스틱서플라이
BORNCHAMPS,본챔스
Bosign,보사인
BOSQUE,보스크
BOTTEGAVENETA,보테가베네타
BoucheronCollection,부쉐론꼴렉시옹
BoucheronQuatre,부쉐론콰트로
BOUCLIER,부클리어
BOULHAUS,보울하우스
BOURJOIS,부르조아
BOUTIJOUR,부티쥬르
BOUTIQUEbyMikshimai,부티크바이믹시마이
bouton,브통
BOVO,보보
BOWELL,보웰
bowlloon,보울룬
BOWLS,볼즈
boxandcox,박스앤콕스
boycentral,보이센트럴
bpb,비피비
bpbclub,비피비클럽
BRADIPO,브라디포
BRADOR,브라도
BRADY,브래디
Bramble,브람블
BRANS,브랜즈
BRASSBOATS,브라스보트
BRAVADO,브라바도
bravissimo,브라비시모
BREAKTIMEKIT,브레이크타임키트
BreaTheSuit,브리더수트
BREDA,브레다
BREDEMEIJER,브레드메이어
BREETH,브리스
Breha,브레하
BRENDABRENDENSEOUL,브렌다브렌든서울
BRENOWELT,브레노웰트
BRIANA,브리아나
bricbric,브릭브릭
BRICK,브릭
BRIC'S,브릭스
BRIDUN,브리든
Bright&Fit,브라이트앤핏
Brillance,브리앙스
BRILLPIECE,브릴피스
BRINICLE,브리니클
Brino,브리노
briskstyle,브리스크스타일
BRISTON,브리스톤
BRKNVISUAL,브로큰비쥬얼
BROGUEANDMORROW,브로그앤머로우
broister,브로이스터
Brookly,브룩클리
BROWEND.,브로우엔드
BrownHat,브라운햇
BROWNBREATH,브라운브레스
BRUANT,브루앙
BRUMAN,브루먼
BRUNELLOCUCINELLI,브루넬로쿠치넬리
BRUTE,브루트
BSQT,비에스큐티
BT21,비티21
BUBBLEPACK,버블팩
bubilian,버빌리안
BUBP,비유비피
BUBULIERR,부부리에
bucket,버켓
BUDDY,버디
bueno,부에노
Buhee,부희
BULBUL,불불
BUNDAY,번데이
BURBERRY,버버리
BURNING,버닝
butterblossom,버터블라썸
BUTTERO,부테로
BUYBEAM,바이빔
BVH,비브이에이치
BVHOPTICA,비브이에이치옵티카
BVLGARI,불가리
BVP,비브이피
BYBLYTHE,바이블라이스
BYEDIT,바이에딧
BYFAR,바이파
BYHOME,바이홈
bystandard,바이스탠다드
BYTERRY,바이테리
BYTHESEANIKII,바이더씨니키
ByWishtrend,바이위시트렌드
byebyall,바이바이올
Byeuuns,바이언스
BYJIMI,바이지미
BYMOM,바이맘
cd˚l,씨디엘
c.c.kim,씨씨킴
C.O.M.E,씨오엠이바이컬러오브마스프롬어스
C.ROUTINE,씨루틴
CabinZero,캐빈제로
CABLEAMI,케이블아미
CADEAU,꺄도
CAHIERS,까이에
CALIFORNIAPROJECT,캘리포니아프로젝트
CALIQUO,캘리쿠
CallMeBaby,콜미베이비
CALMOMENTREE,캄모멘트리
CALVINKLEINPERFORMANCE,캘빈클라인퍼포먼스
CALVINKLEINWATCH,캘빈클라인와치
CALVINKLEINUNDERWEAR,캘빈클라인언더웨어
CAMON,캠온
CAMELWORK,카멜워크
camino,카미노
CAMPSIDE,캠프사이드
CanadaGoose,캐나다구스
CANDLESHOP1106,캔들샵1106
CANDYLAB,캔디랩
CANDYSHOP,캔디샵
CANLEAP,캔리프
capricieux,카프리슈
carbony,카보니
CAREBODY,케어바디
Carenology95,케어놀로지
CARGOBROS,카고브로스
CARHARTTUS,칼하트US
CARHARTTWIP,칼하트WIP
CARLA,카를라
CarlaNogueres,칼라노길레스
CARMINA,까르미나
CARVEN,까르벵
CARVENJEWELRY,까르벵쥬얼리
CASAALEXIS,까사알렉시스
Caselogic,케이스로직
CASIO,카시오
CASTANER,까스따네르
CATALIC,까탈릭
CATCHBALL,캐치볼
CATERPILLAR,캐터필라
Catrice,캐트리스
CATTLINE,까트린
cauca,카우카
CAVALIENI,까발리에니
CDSD,씨디에스디
celine,셀린느
Cell:Monde,셀몽드
CellarDoor,셀라도어
CellFusionC,셀퓨전씨
celliviate,셀리비아떼
cellmute,셀뮤트
CELLRETURN,셀리턴
Cellunic,셀루닉
CeLLVA,첼바
CELTIVA,셀티바
Cendrillon,센드리온
CENE,씬
CENQUR,쌩큐
CENTURYRECIPES,백년약방
cerabonito,세라보니또
CERACOCO,세라코코
cerade,세라디
CEREAL,시리얼
CERTO,쎄르토
CESTI,세스띠
CETTU,체뚜
CEZANNE,세잔느
CHACO,차코
ChaeLook,채룩
ChaemStreet,챔스트리트
CHAEnewyork,채뉴욕
CHAHONG,차홍
CHAMASPORTSLAB,차마스포츠랩
chamelees,챠멜리
CHAMPION,챔피온
chamychamy,차미차미
CHANCECHANCE,챈스챈스
CHANEL,샤넬
CHARMS,참스
Chasin'rabbits,체이싱래빗
CHAUL,차울
CHAUSSURELAPIN,쇼쉬르라팡
CHAZMMFG.,차즘
CHEAPMONDAY,칩먼데이
CHELL,쉘
Cher.petit,쉐르쁘띠
CHERTOISEOUL,셰르뚜아서울
CHIELEI,키에레이
CHILDISHARCHIVE,차일디시아카이브
CHILEWICH,칠리위치
CHINDOWN,친다운
CHIQUITA,치키타
CHISWICK,치스윅
CHLOE,끌로에
ChloePerfume,끌로에
CHLOEKIM,끌로이킴
CHOISI,쵸이지
CHOISY,초이시
CHORRD,코드
chosungah22,조성아22
CHOUCHOUBEAUTE,슈슈보떼
Chouettesape,슈엣뜨샤폐
CHRISCHRISTY,크리스크리스티
ChristianDior,크리스챤디올
ChristianLouboutin,크리스챤루부탱
CHRISTINEPROJECT,크리스틴프로젝트
CHUBASCO,츄바스코
CHUMS,첨스
chungpepe,청페페
cieldechao,씨엘드차오
cielcoco,씨엘코코
CIELTOKTOK,씨엘톡톡
CITIZEN,시티즌
CITYBREEZE,시티브리즈
CITYLIFE,시티라이프
CLABIEN,클라비엔
CLAE,클레이
CLANK,클랭크
claon,클라온
CLARKS,클락스
Clatage,클래티지
CLATO,클라토
CLAYONG,클레용
CLECLE,클레클레
clemencejewelry,클레멍스주얼리
clet,클렛
clets,클레츠
CLEVERMOVE,클레버무브
CLICCLAC,클릭클락
CLINIQUE,클리니크
CLLIB,클립
CLOCLOTHES,씨엘제로클로즈
CLOMOR,클로모르
CLOTHEST.,클로제스트
CLOVE,클로브
ClueDeClare,클루드클레어
CLUTSTUDIO,클럿스튜디오
CMNOD,커먼오드
CO/RCA,코르카
COACH,코치
COAGMENT,코아그먼트
COASTWONDER,코스트원더
COCCINELLE,코치넬레
COCOCITYBOYS,코코시티보이즈
cocorobox,코코로박스
cocozelle,코코젤리
Codements,코드먼츠
CODENAME:LOOLAPALOOZA,코드네임룰라팔루자
CODESCOMBINEINNERWEAR,코데즈컴바인이너웨어
coeternal,코이터널
Coett,코엣
COICOI,쿠아코이
COINONIA,코이노니아
colaunt,코런트
COLDWARM,콜드웜
COLEHAAN,콜한
COLETTE,콜레트
ColetteMalouf,꼴레트말루프
Coleu,콜유
COLLABOMARKET,콜라보마켓
COLLABOTORY,콜라보토리
collagebyL,꼴라쥬바이엘
collagevacance,꼴라주바캉스
COLLEVE,콜레브
colorandsentence,컬러앤센텐스
COLORCOLLA,컬러콜라
COLORTAILOR,컬러테일러
COLORMOS,컬러모스
column,칼럼
combstudio,콤스튜디오
comebello,꼬메벨로
COMEITTO,코메이토
comfortzone,컴포트존
comfortlab,컴포트랩
COMINGSTEP,커밍스텝
"comma,c",콤마씨
CommedesGarcons,꼼데가르송
CommedesGarconsShoes,꼼데가르송슈즈
COMMESE-A,꼼시아
CommeTuEs,꼼투에
COMME.R,꼼므알
commeD723,꼼므드723
COMMEGEE,꼼므지
COMMODNOL,꼬모드놀
COMMONGOOD,커먼굿
COMMONPROJECT,커먼프로젝트
CommonProjects,커먼프로젝트
COMMONSTANDARD,커먼스탠다드
commonsense,커먼센스
COMOELLA,꼬모엘라
COMONINOZ,꼬모니노즈
COMSONNOT,꼼소넛
COMSPACE1980,컴스페이스1980
conceptcollege,컨셉트컬리지
CONDENSE,콩당세
confeito,콘페이토
CONICHIWABONJOUR,곤니치와봉주르
conique,코니크
CONNcreate,콘크리트
CONOCIDOJEEN,코노시도진
CONTE,콘테
CONTEDETULEAR,꽁티드툴레아
CONTEMPO.H,컨템포에이치
ContemporaryAccounts,컨템포러리어카운츠
CONTINEW,컨티뉴
contour,꽁뚜
CONVERSE,컨버스
CONVEY,컨베이
COOBINOX,쿠비녹스
COOKERY,쿠커리
COOLENOUGHSTUDIO,쿨이너프스튜디오
COOLA,쿨라
COOPERSTOWN,쿠퍼스타운
COOTERBOY,쿠터보이
COPERNI,코페르니
COQ,씨오큐
COQUETSTUDIO,코케트스튜디오
CORALIQUE,코랄리크
Cord.,코드
CORNERCOLUMN,코너칼럼
Cortelco,코텔코
COSMICMANSION,코스믹맨션
COSMICMOMENT,코스믹모먼트
COSMOGALLERY,코즈모갤러리
cosmology,코스몰로지
COSRX,코스알엑스
coteacote,꼬떼아꼬떼
cotoit,꼬뜨와
COTSBI,코츠비
COTTA,코타
COUCOU,코우코우
COURBUI,코르뷔
COURONNE,쿠론
COURRI,코우리
cover-letters,커버레터스
COVERMENT,커버먼트
COVERS,커버스
COVETBLAN,코벳블랑
COY,코이
CPCompany,CP컴퍼니
CPGN,꼼파뇨
CPR,씨피알
CRAFTSCLIP,크래프츠클립
CRANK,크랭크
CRANNE,끄란느
CRASHBAGGAGE,크래쉬배기지
CrazyCarWashCrew,크레이지카워시크루
CREME,크렘
CROCHEANT,크로쉐안트
CROCS,크록스
CROON,크룬
CROQUISGLOW,크로키글로우
CROWCANYONHOME,크로우캐년홈
CRYSTAL,크리스탈데오드란트
CSJFUR,씨에스제이퍼
ctwins,씨트윈스
CUD,커드
cuero,쿠에로
CUISSEDEGRENOUILLE,퀴쓰드그레누이오
CULTUREMART,컬처마트
CUREPROGRAM,큐어프로그램
cureit,큐어릿
CURESYS,큐어시스
curetty,큐리티
CURIEPIERREMARIE,퀴리피에르마리
CURLYSHYLL,커리쉴
Current,커렌트
CUSTOMUS,커스텀어스
CUSTOMADEREPUBLIC,커스텀에이드리퍼블릭
CUSTOMELLOW,커스텀멜로우
CUSTOMMOOD,커스텀무드
CUTANE,쿠텐니
CUTBINE,컷바인
Cutiepie,큐티파이
CYAARVO,시아보
CYNO,싸이노
dgoodreal,디굿리얼
DHand,디핸드
D.A.T.E,데이트
D.CRAFT,디크래프트
D.elfin,디엘핀
D.FLEUR,디플레르
D.O.T.,디오티
D.PRIQUE,디프리크
D`ALBA,달바
DA:EL,다엘
dadamong,다다몽
Daejoongso,대중소
DAILYINN,데일리인
DailyMirror,데일리미러
DAIRLENMODE,다이르렌모드
DAKSLONDON,닥스런던
DAL,달
Daleaf,달리프
DALMORAE,달모래
DALQUEEN,달퀸
DALTON,달튼
DAMAGEMNEMONIC,데미지니모닉
DanaBurton,다나버튼
Dangledrop,댕글드랍
DANI,다니
DANMI,단미
DANSK,단스크
DANSKIN,단스킨
DANTIDOTE,디앤티도트
DANTON,단톤
DAONATO,다온아토
Daphne,다프네
DAQD,디에이큐디
DARI,다리
DARNTOUGH,단터프
dartelier,달뜰리에
DAVIDSTONE,데이빗스톤
davines,다비네스
dawnanddusk,다운앤더스크
DAYAFTERDAY,데이애프터데이
DAYCRAFT,데이크라프트
DAYDARE,데이데어
DAYLIFE,데이라이프
DAYLIGHTNEWYORK,데일라잇뉴욕
daymellow,데이멜로우
DAZEDAYZ,데이즈데이즈
DCLIP,디클립
DDPOP,디디팝
ddtt,디디티티
delalune,데라룬
DeMay,드메이
DENOBLE,디노블
depoupee,드뿌삐
Devaleur,드벨르
DEAMUSE,디어뮤즈
DEANS,딘스
DEARAMERICANO,디어아메리카노
DEARDRACENA,디어드라세나
DEARMAISON,디어메종
DEARMILER,디어마일러
DEARMYDAUGHTER,디어마이도터
DEARPEGGY,디어페기
dearyu,디어류
de'arciel,드아르씨엘
DEARDAHLIA,디어달리아
DearK,디어케이
dearpeer,디어피어
DEARSTALKER,디어스토커
DEBASSQQ,드바스크
DEBB,뎁
DebuTante,데뷰턴트
DECKE,덱케
DECOVIEW,데코뷰
DEEPBROW,딥브로우
DEEPERENCE,딥퍼랑스
Deerma,디어마
DEFAULT,디폴트
DeFemme,드팜므
DEFOND,드퐁
Defrag,디프래그
defunc,디펑크
DEHO,데호
deilive,데이리브
deJouet,드쥬에
Delan,딜랑
delidi,딜라이디
DELIGHTPOOL,딜라잇풀
DELILIUM,델리리움
DELL’EST,델레스트
Delsey,델시
DeMAKER,드메이커
DEMAN,드만
DEMARS,드마스
DEMERE,드미어
demeriel,드메리엘
DEMETER,데메테르
DEMONHIDE,데몬하이드
DEMONSTRATE,데몬스트레이트
DENIVEL,드니벨
DENMADE,덴메이드
DENOMME,데노메
DENTICATE,덴티케이트
Dentiste,덴티스테
DEOKLM,드오캄
Departure,디파쳐
DEPASCAL,디파스칼
DEPIEDE,드피에드
DEPOUND,드파운드
DERKOFFER,델코퍼
DERROHE,데어로에
DermaCentric,더마센트릭
DermaScience,더마사이언스
dermalogica,더말로지카
DERMAPHILIA,더마필리아
dermotive,더모티브
DESCENTE,데상트
DESIGNBITE,디자인바이트
DESIGNENOCH,디자인에녹
DESIGNSKIN,디자인스킨
DESIGNYOURS,디자인유얼스
DesignLetters,디자인레터스
DESMAMAN,데마망
deute,듀트
deuxfoish,드푸와에이치
DEVERRMAN,드베르망
DEVIWEAR,데비웨어
DEWEDEWE,듀이듀이
Dewydesert,듀이데저트
dfarbe,디파르베
DGNAK12,디그낙12
Dgre,디그레
DIAFELIZ,디아펠리즈
DIAGONAL,다이애그널
DIAMI,다이아미
Diana'sGeltip,다이애나젤팁
DIBEA,디베아
DICKIES,디키즈
DIDIBOYU,디디보유
Di-EPHOD,디에봇
DIERNEAS,디어니스
DIESEL,디젤
DIMITRIBLACK,디미트리블랙
DIMPLEGOLF,딤플골프
Dinto,딘토
DIOR,디올
DiorHomme,디올옴므
DIPTYQUE,딥디크
DIRTDEVIL,더트데빌
DISNEY,디즈니
Ditole,디토레
DITTO,디토
DKNY,디케이엔와이
DKTUNE,디케이툰
dmoment,디모멘트
DNSR,디앤써
Dock&Bay,독앤베이
DOCONCEPT,두컨셉
DOCTORMATE,닥터메이트
DOGLTD,도그리미티드
DOHYO,도효
doigte,드와떼
DOIY,도이
DOL,돌
Dolce&Gabbana,돌체앤가바나
DOMBA,돔바
DON`TASKMYPLAN,돈애스크마이플랜
DONA&D.,도나앤디
DONADONA,도나도나
doniray,도니레이
donkie,돈키
dontforgetme,돈포겟미
doodlebag,두들백
Dopper,도퍼
doratore,도라토레
dormor,도르모르
D'ORSAYBOPS,도르세이밥스
DOSHISHA,도시샤
Dossierzero,도시에제로
DOT.,닷
dotsdots,다츠다츠
DOUBLEADRENALINESYNDROME,더블아드레날린신드롬
DoubleFlag,더블플래그
DOUBLELOVERS,더블러버스
doublequotes,더블쿼츠
DOUCAN,두칸
dough,도우
DOUZE,두즈
DOZOH,도조
DQ&CO,디큐앤코
DRDENIM,닥터데님
DR.MARTENS,닥터마틴
Dr.Brm,닥터비알엠
Dr.Bronner's,닥터브로너스
Dr.Hauschka,닥터하우쉬카
Dr.NDS,닥터엔디에스
Dr.Orga,닥터올가
Dr.Pahuls,닥터폴스
DR.PEPTI,닥터펩티
DR.SEED,닥터시드
Dr.wonder,닥터원더
drawingathome,드로잉엣홈
drawingathomelittle,드로잉엣홈리틀
DREAMWORLD,드림월드
DresdnerEssenz,드레스너에센스
DRETEC,드레텍
drewdraw,드류드로
DRIFE,드라이프
dropdropdrop,드롭드롭드롭
DSQUARED2,디스퀘어드
DSTL,디스틸
DUMATIN,두마딴
DUT'Ai,뒤테
DUALS,듀얼스
DUBLIN,더블린
DUFFIE,더피
DUJES,듀제스
DUKAAIF,듀카이프
DunstforMEN,던스트포맨
DunstforWOMEN,던스트
dustymauve,더스티모브
DuWop,듀왑
DUX,덕스
DUXS,덕스
DVINE,디바인
DVOR,드보르
DWMU,디더블유엠유
DWSCOMPANY,드러그위드아웃사이드이펙트
DYS,디와이에스
EDE,이드
EAAH,이아
EAREE,이어리
EARPEARP,어프어프
EARTHUS,어더스
ease,이즈
EASTINDIGO,이스트인디고
EASTLOGUE,이스트로그
EASTPAK,이스트팩
EASYCARE,이지케어
easymue,이지무이
EASYNAP,이지냅
EATHLibrary,이스라이브러리
EATINGCOUTURE,이팅쿠투어
EAUCLAIR,오끌레르
EBAI,이바이
EBBETSFIELD,이벳필드
EBLIN,에블린
ECHOND,에콘드
eclair,에끌레어
eclatstudio,에끌라스튜디오
ECLEAR,에클리어
ECOFACE,에코페이스
ecojun,에코준
ecomate,에코메이트
EcommaE,이콤마이
Ecrit,에크릿
edel9,에델나인
EDITION,에디션
edition.B,에디션비
EDITIONWOOD,에디션우드
EDWARDMAX,에드워드맥스
eeasee,이즈
eee,이이에
EENK,잉크
EFELD,에펠드
egarden,에가든
EGGBO,에그보
EGOVERO,에고베로
EHSTORES,이에이치스토어스
EIEN29,에이엔29
EIFFELCLASSIC,에펠클래식
EIRENE,에이레네
EJnolee,이제이노리
EKDESIGN,이케이디자인
EKAN,에칸
EKHON,에콘
ekrubydgramm,에크루바이디그람
elago,엘라고
ELBATEGEV,엘바테게브
Eleph,엘리프
eles's,에레스
ELEVENPLUS,일레븐플러스
Eli`sroom,앨리스룸
ELISE&CLAIRE,엘리스앤클레어
ELISEJ,엘리스제이
ElizbyLizgallery,엘리즈바이리즈갤러리
ElizabethArden,엘리자베스아덴
ElizabethMoments,엘리자베스모먼트
ELLEJewelry,엘르주얼리
elleadore,엘라도르
ELLIOTI,엘리오티
Elliott,엘리엇
ELLIPSIS,일립시스
ellonarc,엘런아크
ELNOI,엘노이
ELNORE,엘노어
ELOQ,엘록
ELORD,엘로드
ELROEL,엘로엘
ELWKStudio,잇리브워크
ELYONA,엘리오나
Emin&Paul,에민앤드폴
EMIS,이미스
emm,이엠엠
EMMANUELLEKHANH,엠마누엘콴
EMP.TLABEL,엠프티레이블
EMPORIOARMANI,엠포리오아르마니
EMPORIOARMANIUNDERWEAR,엠포리오아르마니언더웨어
EMU,이뮤
ENCEMOMENT,앙스모멍
ENOR,엔오르
enchante,앙샹떼
Endot,엔도트
ENGBROX,앵브록스
ENGINEEREDGARMENTS,엔지니어드가먼츠
Enigma,이니그마
ENOT,이노트
ENOUGH,이너프
ENRICH,인리치
ENTHUSIA,엔더시아
ENTREREVES,앙트레브
ENYA,엔야
ENZOBLUES,엔조블루스
EOM,이오엠
EONE,이원
eosika,이오시카
EOTS,이오츠
eoustudio,이오스튜디오
EP2B70,이피이비칠공
ephe,에페
EPICSODE,에픽소드
EPINGLER,에핑글러
Eponym,에포님
EQUMAL,에크멀
Erde,에르데
ERGHE,에르게
ESFAI,에스파이
ESLATTI,에스라티
ESN,이에스엔
ESPASOLE,에스파솔
espoir,에스쁘아
Essence,에센스
ESSENSISTUDIO,에센시스튜디오
essGee,에스지
ESTEELAUDER,에스티로더
ESTERISK,에스터리스크
ESTHERFORMULA,에스더포뮬러
etal.,에트알
etplus,에쁠뤼스
etape,에타페
ETCH,에취
etestudios,에떼스튜디오
ETEAQ,에티크
ETELIN,에뗄린
ETHNOTEK,에스노텍
ETMON,에트몽
ETRE,에터
etretoit,에트레트와
Etude,에뛰드
Etui,에투이
EUYIRA,유이라
evance,에반스
EVANCHRIS,에반크리스
EVANLAFORET,에번라포레
EVELOM,이브롬
EvenFlow,이븐플로우
EVENIE,이브니에
EVERJOY,에버조이
EVERKI,에버키
EVERYBIRTHDAY,에브리벌스데이
everyday365,에브리데이365
evol,에볼
Exabra,엑사브라
EXCELSIOR,엑셀시오르
EXPIREDGIRL,익스파이어드걸
Exsens,엑상스
Extraordinary,엑스트라오디너리
Exyai.w,엑스와이
EYEYE,아이아이
EYIEN,에이엔
EZIO,이지오
F.cocoromiz,에프코코로미즈
F.FAN,핑거팬
F_by_IHM,에프바이아이에이치엠
F_WD,포워드
FABERFINGER,파베르핑거
FABIORUSCONI,파비오루스코니
Fabricology,패브릭컬러지
FACADEPATTERN,파사드패턴
FACEFACTORY,페이스팩토리
FACEFONTS,페이스폰트
FACETION,페이션
facons,파송즈
FACTORIALLABEL,팩토리얼레이블
factorynormal,팩토리노멀
fadeiin,페이딘
FADEMINE,페이드마인
faff,패프
FAIRYDROPS,페어리드롭스
FAITHFUL,페이스풀
FAKEMAMA,페이크마마
FAKEME,페이크미
Fallon,팔론
FANYOUNG,환영
FANACULT,파나컬트
fantasiagabrielle,판타지아가브리엘
FantasticGeneration,판타스틱제너레이션
FANTASTICPLANET,판타스틱플래닛
FANXYRANCE,팬시랜스
FARBESHOP,파르베샵
FASSweden,파스스웨덴
FASCINAR,파시나르
FASTPACKINGSERVICE,패스트패킹서비스
FatalGhost,페이탈고스트
Fatalism,페이탈리즘
FATIARA,파티아라
FAVV,페이브
FAYEWOO,페이우
FAYRI,페이리
FearofGod,피어오브갓
FEBRU,페브루
februarysecond,페브러리세컨드
FECT,펙트
FEERIEN,페리엔
FEEV,피브
fefestudio,페페스튜디오
FEIYUE,페이유에
FELLAS1932,펠라스1932
Felt&Son,펠트앤선
FELTICS,펠틱스
FEMMUE,파뮤
FENDI,펜디
FENNEC,페넥
FERKER,페르커
FernandezyRoche,페르난데즈로쉐
Ferragamo,페라가모
FESSONIA,페소니아
FEVERISH,피버리쉬
FEVERISH&NAUGHTY,피버리쉬앤너티
FEVERTIME,피버타임
FFAI,파이
ffroi,프루아
FIABA,피아바
FIBRENO,피브레노
FIELDMANUAL,필드매뉴얼
FIF,에프아이에프
FIFTY.SU,피프티수
FILA,휠라
FILLCHIC,필시크
fille,피으
FILLINTHEBLANK,필인더블랭크
FILLIZER,필라이저
FILLVOID,필보이드
filobisknot,필로비스놑
FILSON,필슨
findchillin,파인드칠린
Finethe,파인더
FINNLEE,핀리
Finoacinque,피노아친퀘
fiore,피오레
FIPILOCK,피피락
FIRENZEATELIER,피렌체아뜨리에
Firmly,펌리
Fitless,피트리스
FITYOURSKIN,핏유어스킨
FITFLOP,핏플랍
FITZGERALDLOVE,피츠제럴드러브
FIVE&DIME,파이브앤다임
FIVE&PLUS,파이브엔플러스
FIXNOTHING,픽스낫띵
FIXNTOX,픽스앤톡스
FLABOIS,프라브아
FLALIA,플라리아
flamelMD,플라멜엠디
flan,플랑
FLAREUP,플레어업
FLASK,플라스크
FLATAPARTMENT,플랫아파트먼트
FLATAPARTMENTCIRCLE,플랫아파트먼트써클
FLATPOINT,플랫포인트
flateighty,플랫80
FlauntB,플런트비
fleamadonna,프리마돈나
FLEECEMELBOURNE,플리스멜번
FlenoSeoul,프레노서울
FLEXIN,플렉싱
FLEXXION,플렉션
fliaer,플리에르
FLIEGERBYGENERALIDEA,플리거바이제너럴아이디어
FLOOD,플러드
FLOPOP,플로팝
fLor,플로르
floribus,플로리부스
FLORIDASTUDIO,플로리다스튜디오
floridaticket,플로리다티켓
flotte,플로트
FLOWOOM,플로움
FLUID,플루이드
FLUIRE,플뤼르
FLUKE,플루크
FlutterStudio,플러터스튜디오
flynn,플린
FOCE,포체
FOCEPS,포셉
FOGBOW,포그보우
FOIT,포이트
foliage,폴리에지
Forbeaut,포뷰트
FORENCOS,포렌코즈
FOREVERSKiN,포에버스킨
FORMATIVE,포머티브
FORMYSIS,포마이시스
FOSSA,포사
fossette,포세뜨
FOSSIL,파슬
fourseasonsshine,포시즌샤인
Fourteen,포틴
FOURTH'k,포스케
Foyer,포이어
FRAAS,프라스
fradore,프라도어
FRAM,프램
FRAMEHUNT,프레임헌트
FRANKCUSTOM,프랭크커스텀
FRANKLY,프랭클리
FREAKS,프릭스
FREDPERRY,프레드페리
FREDRIQUECONSTANT,프레드릭콘스탄트
FREEAK,프리크
FREED,프리드
FREEWORLD,
FREI,프라이
FREIHEIT,프라이하잇
FREIKNOCK,프라이노크
FrenchieL,프렌치엘
FRENDS,프렌즈
FRESH,프레쉬
FridaKahlo,프리다칼로
FRIDAYMIDNIGHT,프라이데이미드나잇
FRIGGA,프리가
FRITOPROJECTS,프리토프로젝트
FRITT,프릿
fritt'e,프리테
fromChoicE,프롬초이스
FROMPJ,프롬피제이
FROMHENCE,프롬헨스
FROMMARK,프롬마크
FRONT2LINE,프런투라인
FRONTROW,프론트로우
FRONTROWMEN,프론트로우맨
FRUI,프루이
FRUITOFTHELOOM,프룻오브더룸
Fruta,후루타
FUGUGENELABORATORY,푸구진래버러토리
FUMAGALLI1891,푸마갈리
FUNEATHER,펀에더
FUNFROMFUN,펀프롬펀
FUNKIHUSK,펑키허스크
funshop,펀샵
FUZA,퓨자
fxng,퐁
G.Tatiana,타티아나
G.ROLL,지롤
GABRIELLEE,가브리엘리
GAC,객
gaimo,가이모
GAINSBORO,게인스보로
Gait,게이트
GAKURO,가쿠로
galleryofthetrousers,고트
gangnamist,강남이스트
GANISONG,가니송
GANNI,가니
GANSO,간소
GANT,간트
GAP,갭
GARCONTIMIDE,가르송티미드
GardenDStation,가든디스테이션
GARMENTLABLE,가먼트레이블
GARNIR,가르니르
GATA,가타
GATOBLANCO,가또블랑코
GaucheStudio,고쉬스튜디오
GAVANC,가반
GAYEONLEE,가연리
Gaze,게이즈
gazedelin,갸즈드랑
GBH,지비에이치
GC,지씨
GEAR3,기어쓰리
GEEKTA,긱타
GEEKY,기키
GEG,지이지
GEIGER,가이거
GEIGERJewelry,가이거주얼리
GELATOFACTORY,젤라또팩토리
gemandthecast,잼앤더캐스트
gemmaalusdesign,젬마알루스디자인
Gemtti,젬띠
genderless,젠더리스
GENERALCOTTON,제너럴코튼
GENERALIDEASTANDARD,제너럴아이디어스탠다드
GENSDEVIEN,쟝드뷔엥
GENZIE,겐지
GEOMAR,지오마
GEORGANIC,지오가닉
GERLAVIT,겔라비트
GESGEP,제스젭
GETMEBLING,겟미블링
GGORANGJICARON,꼬랑지마카롱
GIANNA,지아나
GILDAN,길단
gillda,길다
GIMMETHEYOUNG,김미더영
ginger,진저
GIORGIOARMANI,조르지오아르마니
GISELLINA,지젤리나
GiuseppeZanotti,쥬세페자노티
GIVENCHY,지방시
GLAMMOMENT,글램모먼트
GLAMBEE,글램비
GLAMGM,글램지
GLAMLADY,글램레이디
glammuse,글램뮤즈
GLASSESCOVE,글래시스코브
glen-Waverley03150,글렌웨이버리03150
GLIESE581,글리제581
GLIMMER,글리머
GLITTIER,글리티어
GLOIRE,글루아르
glowoasis,글로오아시스
GLUHWEIN,글루바인
gneul,그늘
GOALSTUDIO,골스튜디오
GOCORI,고코리
GODJAKE,갓제이크
gogolife,고고라이프
goiu,고이우
GOLACLASSICS,골라클래식
GOLDFILE,골드파일
GOLDENGOOSE,골든구스
Goldenpet,골든펫
GOLDENAI,골든아이
Gomulseom,고물섬
GONAK,고낙
gong,공
GONGAPRON,공에이프런
Gong100,공백
GONIatelier,고니아뜰리에
GONIGONI,고니고니
GOOBE,구베
GoodLifeWorks,굿라이프웍스
GoodNight&GoodLuck,굿나잇앤굿럭
GOODON,굿온
GOODDEN,굿덴
GOODNIGHTDAVE,굿나잇데이브
GOODYEAR,굳이어
GOOSLER,구슬러
GOPE,고프
gorrogorra,고로고라
GOSARI,고사리
Gouache,구아슈
GOUT,구
GOYARD,고야드
goyu,고유
GOZER,고저
gpskin,지피스킨
GR8,지알에이트
GRAENN,그라인
GRAFEN,그라펜
grafikplastic,그라픽플라스틱
GRAFIKUS,그래피커스
GRAFT,그래프트
gram,그램
grandidier,그란디디에
GRANES,그라네스
GRAVER,그레이버
GRAVEVAULT,그레이브볼트
GRAYCEREAL,그레이시리얼
grayhue,그레이휴
GRAYGRAY,그레이그레이
GRAYISHGRAY,그레이시그레이
GRAYMELIN,그레이멜린
GRAYNOISE,그레이노이즈
grds,그라더스
GRE1SCALE,그레이스케일
GREEDILOUS,그리디어스
GREEMHOTEL,그림호텔
greenstuff,그린스터프
greenerycreed,그리너리크리드
GREGORY,그레고리
GREYGROUND,그레이그라운드
GREYMANSION,그레이맨션
GREYYANG,그레이양
GRIDSEOUL,그리드서울
GRIMPER,글림퍼
GROSSINVENTORY,그로스인벤토리
GROUNDWAVE,그라운드웨이브
grove,그로브
GROWNALCHEMIST,그로운알케미스트
G-SHOCK,지샥
GTGWELLNESS,지티지웰니스
gu_de,구드
GUCCI,구찌
GUERNSEYWOOLLENS,건지울른스
GUIL.F,길프
GUILTFREE,길트프리
guitbol,귓볼
GUKA,구카
Gumi,구미프로젝트
GURURU,구루루
GUSITU,구시투
GYMMASTER,짐마스터
H8,에이치에이트
haa',하
HAAN,한경희생활과학
HAANReady,한
HACIE,하시
Hackesch,하케쉬
HAEBYHAEKIM,해바이해킴
HAEKIM,해킴
HAESOOL,해수엘
HAESUH,해서
HAESUNGBONG,봉해성
HAHARCHIVE,하아카이브
Hailey,헤일리
HAILI,하이리
HALBKREIS,하프크라이즈
HALEINE,알렌느
HALEINEFORMEN,알렌느포맨
HALFARTIST,하프아티스트
HALFPENNI,하프페니
HALFHALF,하프하프
HALFME,하프미
HALMANERA,할마네라
HALOMINIUM,할로미늄
Hamilton,해밀턴
HANAH,하나
hance,핸스
HandedBy,핸디드바이
HANDSINTHEPOCKET,핸즈인더포켓
HandwovenTextile(HWTSTUDIO),핸드우븐텍스타일
HANES,헤인즈
Haneulmungmung,하늘멍멍
HANSSEM,한샘
hanyul,한율
HAOSHI,하오시
hap,햅
HAPPENING,해프닝
happiestness,해피스트니스
Happy4earth,해피포얼스
HappySocks,해피삭스
HARDBOILEDCOMICS,하드보일드코믹스
HARDI,아르디
HarlieK,할리케이
HarmanKardon,하만카돈
Harper’sBazaarCosmetics,하퍼스바자코스메틱
HARUTA,하루타
HAS,하스
hasto,하스토
HATA,하타
HATECHU,헤이츄
HATISS,하티스
HATSTORY,해츠토리
HAUSOFPBK,하우스오브피비케이
HAUTCOLLECTION,홋컬렉션
havaianas,하바이아나스
HAVEAGOODTIME,해브어굿타임
HAVELESS,해브레스
HAVEHAD,해브해드
HAVEOFFDUTY,해브오프듀티
hazler,하즐러
HAZZYS,헤지스
HBA,후드바이에어
HEADRANG,헤드랑
headspa7,헤드스파7
HEALTHYHUMAN,헬씨휴먼
HEALTHYBACKBAG,헬시백
HEARTPERCENT,하트퍼센트
HEATHOLDERS,히트홀더스
HECTIC,핵틱
HeeDimensional,희다이멘셔널
HEELTOP,힐탑
heenn,흰
heexheegongbang,희희공방
HeeYoungKimJewellery,김희영주얼리
Hei,헤이
HEICHBLADE,에이치블레이드
HEIMAT,하이맛
Heimdallr,헤임달
HELENKAMINSKI,헬렌카민스키
HELENAANDKRISTIE,헬레나앤크리스티
HELIANTHUS,힐리앤서스
HENCE,헨스
HENRYCOTTON'S,헨리코튼
HERA,헤라
heradi,허라디
Herbloom,허블룸
HERCI,에르시
HERMES,에르메스
HEROESofHISTORY,히어로즈오브히스토리
HEROINE,히로인
HERONPRESTON,헤론프레스톤
HERRMINA,헤르미나
HERSCHEL,허쉘
hersteller,허스텔러
HERVE,에르베
HESTIVO,헤스티보
hetherment,헤더먼트
HEUREUX,오르바이스텔라
Hevitz,가죽공방헤비츠
HEXED,헥시드
HEYEDDY,헤이에디
"HEY,TOM",헤이톰
hey.L,헤이엘
HEYDUDE,헤이두드
heymisstata,헤이미스타타
HEYS,헤이즈
HEYSIS,헤이시스
heyuz,헤이유즈
hicostumejewelry,하이코스튬주얼리
HIBROW,하이브로우
HIDDENFORESTMARKET,히든포레스트마켓
HIDEOUT,하이드아웃
HIEMSCOR,옘스코르
hier,이에르
hieretdemain,이에엣드맹
HIFIFNK,하이파이펑크
HIGHCHEEKS,하이칙스
HIGHSIERRA,하이시에라
highcollar,하이칼라
HIGHLOOP,하이루프
HIGHSCHOOLDISCO,하이스쿨디스코
HINGE,힌지
HIP,힙
HITHE,히스
HOGAN,호간
HOKAONEONE,호카오네오네
Holicious,홀리셔스
HOLIDAYTABLE,홀리데이테이블
Holimoda,홀리모다
HOLLYLOVESLOVE,홀리러브스러브
HOLLYSATUNS,홀리세턴즈
HOLO,홀로
HOLYNUMBER7,홀리넘버세븐
Holyof,홀리오프
HOMEINLILEES,홈인리리스
HOMFEM,옴펨
HONEYFLAMINGO,허니플라밍고
HONEYVITO,허니비토
HOOSDESIGN,후스디자인
HORLISUN,홀리선
HostingHouse,호스팅하우스
HOTDEW,핫듀
HOTELNUANCE,호텔누앙스
HOTELPARISCHILL,호텔파리칠
HOTELCERRITOS,호텔세리토스
HOURGLASS,아워글래스
HOURMINUTESECONDS,아워미닛세컨즈
HOUSEDOCTOR,하우스닥터
HouseRecipe,하우스레시피
HOWAREYOUTODAY,하우아유투데이
HOWHY,하와이
HOWLIN,하울린
HOZE,호재
HUBBISH,허비쉬
HUGMEDARLING,허그미달링
HugoBoss,휴고보스
HUGPLUS,허그플러스
HUITDELYNN,위들린
HUMANLOVE,휴먼러브
HUMANGALLERY,휴먼갤러리
HUMANT,후망
HUMER,후머
HUNBO,훈보
HUNTER,헌터
HUPOT,휴팟
hurkins,허킨스
Hurum,휴럼
Hustad,휴스타드
HUSTORM,휴스톰
HUTOAN,후톤
hutsandbay,허츠앤베이
HVHUMVEE,에이치브이험비
HVISK,비스크
HVPE,에이치브이피이
HYAANG,향
HYBERNAT,하이버넷
hybition,하이비션
HYEON.K,현케이
hyeres-lor,이에르로르
HYETHE,헤더
HYGGEHUS,휘게후스
HYGGEE,휘게
HYIIⁿ,하이투
HYOON,휸
HYPERFOOTWEAR,하이퍼풋웨어
HYPERICE,하이퍼아이스
Hysteria,히스테리아
HYUNDOBAE,현도배
ihatemonday,아이헤이트먼데이
ILOVEUGLY,아이러브어글리
IAMGROUND,아이엠그라운드
IAMJOY,아이엠조이
Iannmore,아이앤모어
ibanenets,이바네네츠
IBUBBLE,아이버블
iCEGARDEN,아이스가든
ICMI,이치미
ICONOGRAPHY,아이코노그라피
IDEACO,아이데코
IDEAEND,아이디어엔드
IDEALMOMENT,아이디얼모먼트
IDEN,아이덴
IDENEW,아이데뉴
IDONTCARE,아이돈케어
IDTOO,아이디투
IFRIT,이프리트
IFYOUWANT,이퓨원트
IGINOA,이기노아
igloves,아이글로브스
IHNOMUHNIT,이놈어닛
iilaire,일레르
IINES,이네스
iiromic,이로믹
IISE,이세
Ike,이케
ikeike,아이크아이크
ILCOMPANY,아이엘컴퍼니
ILCORSO,일꼬르소
illelan,일레란느
ILLIF,이리프
ILLUSTRISILLUSION,일루스트리스일루전
ilyand,일리앤
ILYONGPUM,일용품
IMdesign,아임디자인
IMMATERIAL,이메테리얼
INA,인에이
INABOUT,인어바웃
INBOX,인박스
INCASE,인케이스
INCLACICO,인클라시코
INDIGOCHILDREN,인디고칠드런
INDOORS,인도어스
INES,이네스
INFJOR,인피오르
INGSY,잉시
INHERENT,인히어런트
INJIACTIVE,인지액티브
INKO,잉코
INNERCITYAUDIO,이너시티오디오
INNERKIND,이너카인드
innerb,이너비
innerglow,이너글로우
innisfree,이니스프리
INODORE,인오도르
INPREP,인프랩
INROWS,인로우스
INSIGHT,인사이트
INSILENCEWOMEN,인사일런스우먼
INSTANTTATTOO,인스턴트타투
INSTANTFUNK,인스턴트펑크
INSTANTSUPPLYCO.,인스턴트서플라이
InStyle,인스타일
InStylebeauty,인스타일
INTERBREED,인터브리드
INTHEAIR,인디에어
INTHERAW,인더로우
INTHESTAR,인더스타
inusway,인어스웨이
ioetu,이오에뚜
IOLO,이올로
IOPE,아이오페
ipanema,이파네마
IRIS,이리스
IrisHantverk,이리스한트베르크
iriver,아이리버
IROAS,이루아즈
IRONYPORN(O),아이러니포르노
IRYUK,이륙
ISBETTER,이즈베럴
ISABELMARANT,이자벨마랑
isamuae,이사무애
ISBIM,이즈빔
IslandSlipper,아일랜드슬리퍼
ISLANDSURF,아일랜드서프
issi,이시
ISSUENUMBER,이슈넘버
ISUIJU,이수이주
ITALYSHOP,이태리숍
itemsby,아이템스바이
ITHINKSO,아이띵소
ITKUNA,이쿠나
itov,아이토브
ITSBAG,잇츠백
ITZONapparel,잇존어패럴
IWLT,아이더블유엘티
IYSO,이소슈즈
IZOLA,아이졸라
IZRO,이즈로
jmasion,제이메종
JVINEYARD,제이빈야드
J.Chung,제이청
j.daul,제이다울
J.E.ME,제이미
J.ESTINA,제이에스티나
J.Gracelet,제이그레이슬렛
J.letter,제이레터
J.LISA,제이리사
J.MOD,제이모드
J`SFLOWERLAB,제이스플라워랩
JACKGOMME,잭곰
JACKNICKLAUS,잭니클라우스
JACOON,자쿤
jadegoldnine,제이드골드나인
JADEM,제이드엠
JAEDONGC,재동씨
JAEWON,재원전자
JAIGURUDEVAOM,자이구루데바옴
jainsong,제인송
JAKKE,자케
JAKOLA,자코라
JALANSRIWIJAYA,잘란스리와야
JALDOENCASE,잘된케이스
J-all,제이올
JALOUSE,잘루즈
JAM`T,잠트
JamesJeans,제임스진
jamieandbell,제이미앤벨
JAMIEWANDER,제이미원더
JAMMER,잼머
JAMSTREET,잼스트리트
JANNY,재니
JAYS,제이스
JBL,제이비엘
JCHOI,제이초이
Jeanne’s,진스
JEDEKONNEN,쥬드코넨
Jeep,지프
jegalhun,제갈훈
JEILIM,재이림
JelloJello,젤로젤로
Jenia,제니아
JenLeeStudio,젠리스튜디오
JENNER,제너
JennyBird,제니버드
JENNYPARK,제니팍
jennyhousecosmetics,제니하우스코스메틱
JEPETTO,제페토
JERRYBAG,제리백
JERUSALEMSANDALS,예루살렘샌들
JETZT,예츠트
jeud'art,쥬다르
jewelCOUNTY,쥬얼카운티
JewelryLetter,주얼리레터
JICOMPANY,지컴퍼니
JIDA,지다
jijivisha,지지비샤
JILSANDER,질샌더
JILY.,질와이
JILLBYJILLSTUART,질바이질스튜어트
JILLBYJILLSTUARTSHOES,질바이질스튜어트슈즈
JILLSTUARTNEWYORKSHOES,질스튜어트뉴욕슈즈
JILLSTUARTNEWYORKACC,질스튜어트뉴욕액세서리
JILLSTUARTSPORT,질바이스튜어트스포츠
JILLSTUARTSPORTNEWYORK,질스튜어트스포츠뉴욕
JIMMYCHOO,지미추
JIMMYTAILOR,지미테일러
jinamelia,지나멜리아
JINJINISLAND,진진아일랜드
JinnyKim,지니킴
JinYoo103684,진유103684
JIWONCHOI,지원초이
JMW,제이엠더블유
JMY,제이엠와이
jo5,제이오파이브
JogumanStudio,조구만스튜디오
johnmastersorganics,존마스터스오가닉
JohnGyu,존규
JOHNNYHATESJAZZ,쟈니헤잇재즈
JOMALONELONDON,조말론런던
JOOLIFE,주라이프
JOORTI,주르티
JOOSOOLOO,주수루
Jo'slounge,조스라운지
JOSEPH&STACEY,조셉앤스테이시
JOSEPHAHN,조셉안
Josepht,조셉트
JOSEUPGUN,조습군
JOSHUASANDERS,조슈아샌더스
JOUER,쥬에
jourdeJAJU,주르드자주
JourDePassion,쥬드빠숑
JOURNEYBUDDY,저니버디
JOURNEYMAN,저니맨
JOYGRYSON,조이그라이슨
JOYZIN,조이진
JRIUM,제이리움
jsny,제이에스엔와이
JSNYMEN,제이에스엔와이맨
JTIARA,제이티아라
JUANHOMME,주앙옴므
Jubiler,쥬빌레
jubine,쥬바인
JUDYANDPAUL,쥬디앤폴
JulieBeans,줄리빈즈
JULIY&CALLA,쥴리앤칼라
JulsofMay,줄스오브메이
JULYFOUR,줄라이포
JULYME,줄라이미
JUMPFROMPAPER,점프프롬페이퍼
JunbyJunk.,준바이준케이
JUNHWA,준화
JURAN,주란
JUSTCRAFT,저스트크래프트
JustforMe,저스트포미
JUSTINSTYLE,저스트인스타일
JUSTJINNY,저스트지니
JUSTMOBILE,저스트모바일
JUSTMYSIZE,저스트마이사이즈
JUSTNOW,저스트나우
JUST4YOU,저스트포유
JUSTO,주스토
JWL,제이더블유엘
JWO,제이더블유오
JYKim,제이와이킴
K.allets,칼렛츠
KAFFEINE,카페인
KAHANA,카하나
KahinaGivingBeauty,카히나기빙뷰티
KAKAOFRIENDS,카카오프렌즈
KALMDOWN,캄다운
KAMILIANT,카밀리안트
KAMILL,카밀
KAMOGRAPH,카모그라프
kamomekitchen,카모메키친
KANEITEI,카네이테이
KANGOL,캉골
KANKYO,칸쿄
KAPPYDESIGN,캐피디자인
KARAWAY,카라웨이
karenwhite,카렌화이트
KARHU,카르후
Karim_Rashid,
KAROT,까롯
KARTELL,카르텔
KASSIALUCY,카시아루시
KATELOGY,케이트로지
KATHARINEHAMNETTLONDON,캐서린햄넷
KATHYCOLLECTION,캣티컬렉션
katiacho,카티아조
KATIN,
KAVU,카부
KDnavien,경동나비엔
Keds,케즈
keek,키크
keemoon,키믄
KEEN,킨
keep’em,키픔
KEEPBLACK,킵블랙
keike,케이크
keikeie,케이케이이
KEIN_PIONIER,케인피오니어
KENNETHCOLE,케네스콜
KENZO,겐조
KEPLE,키플
KERRIJADE,케리제이드
KERRYWOOLLENMILLS,케리울른밀즈
KETOMARKET,키토마켓
KETOSCAN,케토스캔
KETOLAB,키토랩
KEUNI,그니
KEYMUN,키먼
KILEE,키리
KIMYUNG,기명
KICHELEEHE,키셰리헤
KICHWORK,키치워크
KICKTHEBEAT,킥더빗
KIDAY,키데이
KIEHL'S,키엘
KIIMA,키마
kiindLounge,카인드라운지
Kijun,기준
KILIJARO,킬리자로
KIMAURA,키마우라
kimzistudio,킴지스튜디오
KINDAYYY,카인다와이와이와이
KINDABABY,카인더베이비
KINDERSALMON,킨더살몬
Kior,키올
KIRSH,키르시
KIRSHPOCKET,키르시포켓
KIRSHBLENDING,키르시블렌딩
KIRUNA,키루나
KISJO,기스조
KISSNEWYORK,키스뉴욕
KITCHSTUDIO,키치스튜디오
KitoBase,키토베이스
kitschobjet,키치오브제
KITSCHS,키치스
KKW,케이케이더블유
Klairs,클레어스
KLASSE14,클라쎄14
KLAVUU,클라뷰
KLAWE,클라비
KLEAN,클린
KLEMAN,클레망
Klorane,클로란
knickerbocker,니커보커
KNITLY,니틀리
knockknock,낙낙
KNOCKER'SHANDCo.,노커즈핸드
KNOKberlin,크녹베를린
KOCOSTAR,코코스타
KOIKOI,코이코이
KOIMOOI,코이무이
KOKIKOKI,코키코키
kokyuu,코큐
KOLCA,콜카
KOLCHIS,콜키스
KOLEAT,콜릿
kollab,콜랍
KOLOK,콜록
KOMFORT,컴포트
KOMOREBI,코모레비
KompaktRecordBar,콤팩트레코드바
konus,코너스
KOSIDE,코시드
KOSMOSYU,코스모슈
KoY,코이
KOYU,코유
KOZETT,코제트
KOZNOK,코즈넉
K-paper,케이페이퍼
Kram,크람
kroei,크로이
KRUCHI,크루치
kuhoplus,구호플러스
KUMANN,쿠만
KUME,쿠메
KUMO,쿠모
Kuoca,쿠오카
KUROY,쿠로이
kuviolo,꾸비올로
KwakHyunJooCollection,곽현주컬렉션
K-WAY,까웨
KWIM,크윔
KYE,카이
kyimer,카이머
kyishoo,카이쇼
kyynthegarten,킨더가튼
LUIRE,루이르
L’OMBRILLANT,롬브리앙
LaBelleEpoque,벨에포크
LaFudgeStore,라퍼지스토어
LALENTOSTUDIO,라렌토스튜디오
laLingerie,라란제리
lamelangee,라멜랑주
LAMERMAMAISON,라멀마메종
LAMIENNE,라미엔느
LANUIT,라뉘
LaPitta,라피타
LAPLANETE,라플라네트
LaPompe,라퐁프
Lashu,라슈
Lavariete,라바이에떼
LaVigueur,라뷔게르
La.breeze,엘에이브리즈
La_BelleEpoque,라벨에포크
LAB.C,랩씨
LAB101,랩원오원
LAB12,랩12
LABEAUNEWYORK,라뷰뉴욕
LABELESS,레이블리스
LABELLE,라벨르
LABORDAY,레이버데이
l-absence,랍셍스
LACKOFCOLOR,랙오브컬러
LACO,라코
LACORVETTE,라코벳
LACOSTE,라코스테
LACUZIN,라쿠진
ladybirdseoul,레이디버드서울
LAFARE1789,라파레1789
LAFAYETTE,라파예트
LAFETE,라페트
LaFORLAB,라포랩
LaFORMULE,라포뮬
LAGOM,라곰
lagrazia,라그라치아
LAGUIOLE,라귀올
Lahti,라흐티
LAIDBACK,레이드백
LAKAIKOREA,라카이코리아
LALA,라라
LALAUT,라라우트
Lamadang,라마당
LAMBRETTA,람브레타
LAMIORE,라미오레
LAMOE,라모에
LAMOURCOURTOIS,라무르끄뚜아
LAMUSE,라뮤즈
LAMY,라미
Lancome,랑콤
LANDOR&HAWA,랜도르앤하와
LANE.910,레인구일공
LANEIGE,라네즈
LANGCASE,랑케이스
Lang&Lu,랭앤루
LANG5,랭파이브
LANGUAGE,랭귀지
LANVIN,랑방
lapalette,라빠레뜨
LA'PIELLABS,라피엘랩스
LAPIZSENSIBLE,라피스센시블레
LAPOTHICELL,라포티셀
LAPRICALA,라프리카라
LAR,엘에이알
LARAPUFF,라라퍼프
LARDINI,라르디니
LARGO,라르고
LARTIGENT,라티젠
LARTIGENTL'HOMME,라티젠옴므
LASH,래쉬
LASOMME,라쏨
LASSOM,라쏨
LastNightMovie,라스트나잇무비
LATELEESTUDIO,레이트리스튜디오
Latootoo,라투투
LatotoL,라토토엘
laulhere,로레르
LaundryStage,런드리스테이지
LAURAMERCIER,로라메르시에
LaurencePaul,로렌스폴
LAVENHAM,라벤햄
LAVIE,라비
Lavishe,라비쉬에
LAYDEN,레이든
LAYERUNION,레이어유니온
LAYERMOOD,레이어무드
LAYLAJU,라일라주
LAZYSUMMER,레이지썸머
LAZYDAWN,레이지던
LBOSQUE,엘보스케
LE,르
LEAREVEY,르아르베이
lecashmere,르캐시미어
lecelle,르셀르
LeCordonnier,르꼬르도니에
LeJIYU,르지유
Lejoie,르쥬아
Lemasque,르마스크
LEMOHO,르모호
LEMONDEBLANC,르몽드블랑
Lemouton,르무통
LENOUVOU,르누부
levaux,르보
LEYIEL,르이엘
LE_DAZZLE,르다즐
LE17SEPTEMBREHOMME,르917옴므
LE2,레투
Leash+,리쉬플러스
LEATHERWORKS,레더웍스
Leathergoods,레더굿즈
LEATHERLESS,레더리스
L'EAUET,로에
LEAVES,리브스
LECARR'E,르까레
LECCPROJECT,레크
LECLAT,레끌라
Lecoqsportif,르꼬끄스포르티브
LECYTO,
LEE,리
LEEy.LEEy,리리
leeENoir,리엔느와르
leegamgak,이감각
LEEHO,이호
LEEJO+Y,이조이
leeso,이소
Leeyu,이유
LEFENERY,레페너리
LEFFAMSTERDAM,레프암스테르담
LEFT,레프트
Left-Right,레프트라이트
LEGATO,레가토
LEGENDWALKER,레전드워커
LEHA,레하
LEIRE,르아르
LEIUR,레이어
LEJI,레지
LELEAF,르리프
Lemaire,르메르
LEMARD,르마드
LeMASKA,르마스카
LEMAZI,르마지
LEMELS,레멜
LEMIU,레미유
Lemonplet,레몬플렛
lemusee,르뮤제
lenoid,르노이드
LENTO,렌토
LENUEE,르누이
LEOPOLDI,레오폴디
lepetitolivier,르쁘띠올리비에
LEPISODE,레피소드
LEPOINT,르푸앙
Lepure,르퓨어
L'EROBLARIO,엘보라리오
LESARTIST,레스아티스트
LESNEREIDES,레네레이드
LESVACANCES,레바캉스
Lessismore,레스이즈모어
LETHE,레테
LETQSTUDIO,레티켓스튜디오
LETTER_COMO,레테르코모
LETTERSINBED,레터스인베드
LETTREDEL'ETOILE,레트흐드레뚜왈
LEUNI,리유니
LEVAR,르바
LEVI'S,리바이스
LEXON,렉슨
LEYIE,르이에
LGELECTRONICS,엘지일렉트로닉스
LIJAY,리제이
LIBER,리베르
libertegarden,리베르떼가든
LIBERTENG,리베르탱
LIE,라이
LIEGE,리에주
LIEUHOMME,리우옴므
LIEUSTUDIOS,리우스튜디오
lieul,리을
LIFEARCHIVE,라이프아카이브
LIFEFORMULA,라이프포뮬라
LifeGoose,라이프구스
Lifesum,라이프썸
LifeWork,라이프워크
LIFULMINIMALGARMENTS.,라이풀미니멀가먼츠
lightelement,라이트엘리먼트
LIINTA,린타
LIKECANDY,라이크캔디
LikeiT,라이크잇
LIKEJAZZ,라이크재즈
LIKESOMEMORE,라이크썸모어
LIKELIHOOD,라이클리후드
Likewise,라이크와이즈
Lilee,릴리
LILIEU,릴리우
lillied,릴리드
lilybyred,릴리바이레드
LILYFIT,릴리핏
lilyshoe,릴리슈
Limese,리메세
Limill,리밀
LimInsis,림인시스
LIMTSTUDIOS,림트스튜디오
LINA&,리나앤
LindaFarrow,린다페로우
LINESTUDIOONE,라인스튜디오원
LINE04,라인공사
LINGWU,링우
Lingeriehan,란제리한
LINING,리닝
LINKYLABORATORY,링키래버토리
LIPSTICKQUEEN,립스틱퀸
LIQUOR,리커
LITTLESCANDI,리틀스칸디
LIVESQUE,리베스크
LIVTREE,리브트리
Liz'sTail,리즈테일
L'LOVE,엘러브
LLOYD,로이드
LMC,엘엠씨
LMMLSTUDIO,엘엠엠엘스튜디오
loaxual,로액슈얼
LO61,엘오육일
LOATT,로아뜨
LOCALSONLY,로컬스온리
Locate,로케이트
LOEIL,로에일
LOEUVRE,루에브르
LOEWE,로에베
LOHNT,론트
Loiret,루아레
loiter_loiter,로이터로이터
LOIVIE,로이비
LOJEL,로젤
Lolleytrolley,롤리트롤리
LOLLIA,롤리아
LOMHEAVEN,롬헤븐
LONDONCLOU:D,런던클라우드
LONDONGROCERYMARKET,런던그로서리마켓
LONDONTRADITION,런던트레디션
LONER,로너
LONGCHAMP,롱샴
LONSDALE,론즈데일
LOOKAST,룩캐스트
LOOKING4U,루킹포유
LoomLoom,룸룸
LOPITTA,로피타
LordJohnGrey,로드존그레이
LOREAL,로레알
LOREALPARIS,로레알파리
Lorenzobanfi,로렌조반피
lorher,로르허
LoroPiana,로로피아나
LOROMONDO,로로몬도
LORRETTA,로레타
LOSSYROW,로시로우
LOSTGARDEN,로스트가든
LottaQawwali,로타카왈리
LOTTEALUMINIUM,롯데알미늄
LOTUFF,로터프
LoU,로유
louieooie,루이우이
LOUISVUITTON,루이비통
LOUIS1987,루이스1987
louisquatorze,루이까또즈
LoungeAPT,라운지에이피티
LOUPSBLANCS,루블랑
LOVBOD,러브바드
LoveCharm,러브참
lovemeback,러브미백
LOVEMEMONSTER,러브미몬스터
loveslowstay,러브슬로우스테이
LOVEDEWY,러브듀이
loveyouidiot,럽유이디엇
LOVLOV,로브로브
LOVNAV,로브네브
LOWCLASSIC,로우클래식
Loweight,로우에잇
Lower,로우어
LOWPIXEL,로우픽셀
LoyAcoi,로이어코이
Loyiq,로이크
LPC,엘피씨
LRDISCONNECT,엘알디스커넥트
LSEY,르세이
Luccica,루치카
LUCKIES,럭키스
LUCKYMARCHE,럭키마르쉐
LUCKYPLANET,럭키플래닛
LUCO,루코
LUCRY,루크리
LUCYCREW,루시크루
LUDE,루드
LUEUR,뤼에르
LUGNER,루그너
LUGZ,러그즈
LUMBERJACK,럼버잭
LUMI,루미
Lumiereme,르미에르메
LUMINOX,루미녹스
LUMIR,루미르
LUNASOL,루나솔
LUNECAVE,룬케이브
LUNNE,룬느
LUONEER,루오니어
LUVISTRUE,러브이즈트루
luvinball,러빈볼
LUYCHO,루이초
LVIR,르비에르
LWL,엘더블유엘
LYANA,리아나
lyceenne,리센느
LYELL,라이엘
LYKEOURYOUTH,라이크아워유스
M.A.C,맥
M.M.D,엠엠디
M.MOUSTACHE,엠머스타쉬
M.Nii,엠니
M082,엠공팔이
MAJOURNEE,마조네
maatila,마틸라
MACMOC,마크모크
MACARTHUR,맥아더
MACHO'SSACHUNKI,마초의사춘기
MACIER,마씨에르
MACKBARRY,맥베리
MACKAGE,맥케이지
MACQUEENNEWYORK,맥퀸뉴욕
MADFACTORY,매드팩토리
MADEFANNIE,메이드파니
MADELEINE,마들렌
MADGOAT,매드고트
Madin'Ly,메이딘리
MADMARS,매드마르스
MAEDY,매디
MAG2AN,맥투앙
MAGAN,맥앤로건
Magforce,맥포스
MagforceBlacklabel,맥포스블랙라벨
MAGOODGAN,맥우드건
MAGRIFFE,마그리프
mahogani,마호가니
MAHON,마혼
mahrcato,마르카토
MAIA,마이아
MAIDENNOIR,메이든느와르
MAINBOOTH,메인부스
MAISONKITSUNE,메종키츠네
MAISONDEALOHA,메종드알로하
MAISONDECOTTON,메종드코튼
MAISONDEH,메종드에이치
MaisondeInes,메종드이네스
MAISONDEKIG,메종드키그
MAISONDEMIU,메종드미우
MAISONDEROOMROOM,메종드룸룸
maisondesbougies,메종데부지
MAISONKITSUNE,매종키츠네
MaisonLouisMarie,메종루이마리
MAISONMARGIELA,매종마르지엘라
MAISONMINED,메종미네드
MaisonSofiaGrace,소피아그레이스
MAISON246,메종이사육
MAISONMARAIS,메종마레
MajoFactory,마조팩토리
majorelle,마조렐
MAKE:D,메이크디
MAKEUPFOREVER,메이크업포에버
makeforests,메이크포레스츠
MAKEON,메이크온
maketen,메이크텐
MAKUYEN,마쿠엔
malen,말렌
MALIBU,말리부
MALIBUSANDAL,말리부샌들
MAMACASAR,마마카사르
MAMANGES,마망제스
Mamonde,마몽드
Man.G,그라피스트만지
MANAR,마나르
MANAVIS7,마나비스세븐
MANDARINADUCK,만다리나덕
MANEMESSAGE,메인메세지
MANEBI,마네비
MANES,마네스
MANHATTANPORTAGE,맨하탄포티지
MANIEPIEDI,마니에피에디
MANICSUPPLY&CO,매닉서플라이앤코
MANNERGRAM,매너그램
MANNON,매넌
MANOSTUDIO,마노스튜디오
MANOMOS,마노모스
MANORICH,마노리치
MANSOLE,맨솔
MANSSKIN,맨즈스킨
MANSURGAVRIEL,만수르가브리엘
manuelleetguillaume,마누엘에기욤
marabout,마라부트
MARBETE,마르베테
MARCJACOBS,마크제이콥스
MARC.B,마크비
MARCELINE,마르셀린
MarceloBurlon,마르셀로불론
March,마치
Marchen,메르헨
marcie,마르씨에
MARCOSIENA,마르코시에나
mardimercredi,마르디메크르디
Maredimari,마레디마리
margarinfingers,마가린핑거스
MARGESHERWOOD,마지셔우드
Mariemondieu,마리몽듀
MaritheFrancoisGirbaud,마리떼프랑소와저버
markvolume,마크볼륨
MARKM,마크엠
MARMAR;D,마르마르디
MARNI,마르니
MARONYCROSHET,말로니크로쉐
marronedition,마론에디션
MARSBOM,마르스봄
MARSCOLLECT,마스컬렉트
MARTA,마르타
marthainthegarret,마사인더가렛
MARTIDERM,마티덤
MARTINEROSE,마틴로즈
MARUE,마루이
MARVEL,마블
Marvet,마벳
MARY&MAY,마리엔메이
maryhouse,마리하우스
marylebonelane,멜리본레인
MARYMOND,마리몬드
MARYRINGO,마리링고
MASADEOSCURA,마사드오스큐라
MASCOLANZA,마스콜란자
MASERATI,마세라티
mash,매쉬
MASKITSCH,마스키치
MASSNOUN,매스노운
MASSTIGEDECO,매스티지데코
MASTEF,마스테프
MATCHGLOBE,매치글로브
MATHEMATIK,마테마틱
MATIAS,마티아스
Matier,마티에
MATTANDMEL,멧앤멜
MATTHEW&CONRAD,매튜앤콘라드
MAUVEFANTASTICEVER,모브판타스틱에버
MAXFACTOR,맥스팩터
MaxMara,막스마라
MaxMara,막스마라
MAXXIJ,막시제이
MAYBELLINENEWYORK,메이블린뉴욕
MAZIUNTITLED,마지언타이틀
McCarthy,매카시
MCCOII,멕코이
MCCOIN,맥코인
MCNCHIIPS,맥앤칩스
MDNQ,엠디엔큐
MDOC,엠도씨
MECMAC,미끄마끄
Medibless,메디블레스
MEDIBLESSPUREMAY,메디블레스퓨어메이
MEDIFENSE,메디펜스
MEDUSE,메듀즈
MeeMee,미미
MeielDew,메이엘듀
meimish,메이미쉬
MELIC,멜릭
melime,메리미
MELOPE,멜로페
MELT,멜트
MELTHEME,메르뗌
MEMORYLANE,메모리래인
memoryofstone,메모리오브스톤
MENINJUNGLE,맨인정글
MENOKIN,메노킨
MEOWBYMINA,미야우바이미나
MEP,엠이피
MerDeScent,메르디센트
MERIMIEU,메리뮤
MERLIC,멀릭
MERRELL,머렐
MERRYCOOP,메리쿱
MerrycoopbyGoodneighbors,굿네이버스메리쿱
Merrymonde,메리몽드
MERRYMOTIVE,메리모티브
merze,머즈
Metaltex,메탈텍스
METAPHER,메타퍼
METAPHORE,메타포
meumdal,믐달
MEUS,뮤스
MEVERICK,메버릭
MEWLAND,뮤란드
MEZZOKUNST,메조쿤스트
mfnt,엠에프엔티
MFRIENDS,엠프렌즈
mgmgstudio,엠지엠지스튜디오
MIAMIPROJECT,마이애미프로젝트
MICHAELKORS,마이클코어스
MICHAELROSS,마이클로스
MIDNIGHTCIRCUS,미드나잇서커스
MIDNIGHTMOMENT,미드나잇모먼트
MielDiel,미엘디엘
MIF,미프
MIK,미크
Mikshimai,믹시마이
MILSEOUL,밀서울
milanlaurent,밀란로랭
Milema,밀레마
MI'LIL,미릴
MILL,밀
millandmoi,밀앤모이
MILLFLAT,밀플랫
MILLIHOME,밀리홈
MILLIMETER,밀리미터
MILLIN,밀린
millionjewelry,밀리언주얼리
MILLIONRED,밀리언레드
MILLIONAIREHAT,밀리어네어햇
millo,밀로
MILLOGREM,밀로그램
MILMA,밀마
MILTONSTELLE,밀튼스텔리
MIMBYMIN,밈바이민
MIMthewardrobe,밈더워드로브
mimicAWE,미미카위
minasong,민아송
MINDMASTER,마인드마스터
mindovermatter,마인드오버매럴
mindwise,마인드와인즈
MINICAPSULEMODE,미니캡슐모드
MiniMelissa,미니멜리사
minicook,미니쿡
miniGOLD,미니골드
Minihome,미니홈
MINIMALPROJECT,미니멀프로젝트
minits,미니츠
MINJUKIM,민주킴
MINNCHAI,민채
MintaRetro,민타레트로
MINUTE,미니트
minutte,미뉴뜨
miona,미오나
MIS,엠아이에스
MISAKI,미사키
MISCONCEPTION,미스컨셉션
mishuusomuch,미슈쏘머치
misiricode,미시리코드
MISSHA,미샤
missingyoualready,미씽유얼레디
MISSIU,미슈
MISSUE,미슈
MISTERBOWER,미스터바우어
MISTERCHILD,미스터차일드
MISTICA,미스티카
Misticdun,미스틱던
MISUABARBE,미수아바흐브
MITTE,미테
MIUMIU,미우미우
miyerh,미예르
MIZUNO,미즈노
MLBeyewear,엠엘비아이웨어
MMCH,엠엠씨에이치
MMIC,엠엠아이씨
mmj,엠엠제이
mmulmmu,뮬뮤
MNL,엠앤엘
MOSPORTS,모스포츠
MOAA,모아
MOART,모아트
MOBLER,모블러
MODELIMITE,모드리미트
MODERATE,모더레이트
Moderment,모더먼트
MODERNALCHEMIST,모던알케미스트
MODERNABLE,모던에이블
Moduun,모듄
MOELLER,모올러
moemore,모에모어
MOHAI,모하이
MOHAN,모한
MOIETAL,모아엣알
MOIstudio,모이스튜디오
MOIA,모이아
moimoii,모이모이
moiqui,무이쿠이
MOLbyMOREORLESS,엠오엘바이모어올레스
MOL:pin,몰핀
molibdeno,몰리브데넘
molliolli,몰리올리
molto,몰토
momeben,모메벤
MOMENT,모멘트
MOMENTWATCHES,모먼트와치
Momenteljewelry,모멘텔쥬얼리
mommom,몸몸
MONAU,몽아유
monbric,몽브릭
MONCABAS,몽카바
MONCHOUCHOU,몽슈슈
MONCLER,몽클레어
monclos,몽클로스
MONCOOS,몽쿠스
MONDAM,몽담
MONDAYEDITION,먼데이에디션
MondayHiking,먼데이하이킹
MONEN,모넨
MONKEYBUSINESS,몽키비지니스
MONO,모노
MONOLOUNGE,모노라운지
mononoaware,모노노어웨어
Monochrome,모노크롬
monoflat,모노플랫
MONOFLOW,모노플로우
MONOFOLD,모노폴드
monono,모노노
MONOPISPA,모노피스파
MONOSLOT,모노슬롯
MONROW,먼로우
MONSTERREPUBLIC,몬스터리퍼블릭
MONTBELL,몽벨
MONTBLANC,몽블랑
MONTEMPS:ANNECY,몽떵안시
MONTHLY,먼슬리
Monthlyobject,먼슬리오브젝트
MONTS,몬츠
MONUMENTS,모뉴먼트
MOOCHUU,무츄
MOOAS,무아스
MoodForMood,무드포무드
MOODMOI,무드므아
MoodSunset,무드선셋
MOONCHOI,문초이
MOONJ,문제이
MoonLee,문리
moonlightstone,문라이트스톤
MOON=BLUE,문이퀄블루
Moondal,문달
Moonhalo,문헤일로
Moonhee,문희
MOONHSU,문슈
MOONMILK,문밀크
Moons&Junes,문스앤준스
MOONSUN,문선
MOONTAN,문탠
MooseKnuckles,무스너클
MOOZ,무지
moran,모란
moranyi_f,모라니프
morejude,모어쥬드
MOREORLESS,모어올레스
MORETHANDOPE,모어댄도프
"more,most.",모어모스트
MORE:V,모어브이
MOREAS,모레아스
moreener,모리너
MOREMO,모레모
moreout,모어아웃
MORL,모르
moro,모로
MOROJEWELLERY,모로주얼리
MOSMOR,모스모르
mosca_,모스카
MOSCHINO,모스키노
MOSH,모슈
MOSTRICH,모스트리치
MOTE,모트
MotherDenim,마더데님
mou526,모우526
MOUS,무스
MOVEMOTION,무브모션
MOVEWARM,무브웜
MOZ,모즈
MPG,엠피지
MPROPA,엠프로파
Mr&Mrs,미스터앤미세스퍼
MR.BACOOK,미스터베이쿡
MR.byLang,미스터바이랭
Mr.Fine,미스터파인
Mr.MustardStudio,미스터머스타드스튜디오
mrboho,미스터보호
MSGM,엠에스지엠
M'SOLIC,엠솔릭
MSOUL,엠솔
MUAYAE,무아에
MUDERN,무던
MUDIDI,무디디
MUDNI,무드니
MUER,뮤에
MUGOONGHWARANG,무궁화랑
MUGUET,뮤게
MUHLE,뮬레
MUJEL,뮤젤
MUKTI,묵티
MULAWEAR,뮬라웨어
MULBERRY,멀버리
MULLIR,무이르
MundaneMonday,먼데인먼데이
MUNIER,뮤니에
MUNIKUND,뮤니쿤트
MUNINNSTATION,뮤닌스테이션
Mur,무르
MUROEN,뮤로엔
murrayallan,머레이알란
MURREN,뮤렌
MUS,머스
MUSEBYROSE,뮤즈바이로즈
MUSED,뮤제드
MUSEE,뮤제
MUSEE.ART,뮤제아르
MUSEMONT,뮤즈몽
mutecommonsense,뮤트커먼센스
MUTEMUSE,뮤트뮤즈
MUTO,뮤토
MUUL,물
MUZIK,뮤지크
muziktiger,무직타이거
MWC,엠더블유씨
MYBEAUTYDIARY,마이뷰티다이어리
MYCOLORIS,마이컬러이즈
MYMOMENT,마이모먼트
MyNormal,마이노멀
MYROLLER,마이롤러
MYViBE,마이바이브
MYAURA,미아우라
MYBOO,마이부
MZUU,엠주
N.half,앤하프
N.O.T,엔오티
N.PRIME,엔프라임
N˚21,누메로벤투노
na'au,나우
NACHBIJOUX,나흐비쥬
NACHE,나체
NACIFIC,네시픽
NADDVILLAGE,나드빌리지
Naguisa,나귀사
nalgene,날진
NAMBE,남베
NAMEDSHOES,네임드슈즈
namelesscat,네임리스캣
NAMING.,네이밍
NAMjewelry,남쥬얼리
NANACREW,나나크루
nanaproject,나나프로젝트
NANCYBOO,낸시부
NANUM,나눔
naraum,나라움
NAREUN,나른
Narish,나리쉬
NARS,나스
NARUKANG,나루강
NASTYFANCYCLUB,네스티팬시클럽
NASTYHABIT,네스티해빗
NASTYPALM,네스티팜
NATIONALGEOGRAPHIC,내셔널지오그래픽
NATIONALPUBLICITY,내셔널퍼블리시티
NativeUnion,네이티브유니온
Naturaglace,나츄라글라쎄
NAU,나우
NAVYSTUDIO,네이비스튜디오
NBA,엔비에이
NCOVER,앤커버
ndearose,앤딜로즈
ne,네
NEARER,니어러
NearestbutLost,니어리스트벗로스트
NEATKNIT,닛닛
neateun,닛튼
Nebuloni,네블로니
NEEDIN,니드인
needlepoint,니들포인트
NEEDLY,니들리
NEIKIDNIS,네이키드니스
NeilBarrett,닐바렛
NEINAcc,나인에이크
NEMOTREE,네모트리
NENE,네네
NEONMOON,네온문
Nephrite,네프라이트
NEUE,노이에
neueblute,노이에블리테
NEUL,늘
neup,늪
Neute,누트
NEWA,뉴아
NEWBERRYKNITTING,뉴베리니팅
NEWERA,뉴에라
NewOrigin,뉴오리진
Newstalgia,뉴스텔지아
NFL,엔에프엘
NICKNICOLEforMEN,닉앤니콜포맨
NICK&NICOLE,닉앤니콜
nido,니도
NIGEER,니저
NIGHTFLOW,나잇플로우
niid,니드
NIKE,나이키
NILBYP,닐바이피
NILLRING,닐링
ninanosano,니나노사노
NINEDOLLAR,나인달러
NINEONETWO,나인원투
NINETEENTWO,나인틴투
NINJA,닌자
NIOD,니오드
NIVEA,니베아
NIYOP,니욥
NJJEWELRY,엔제이주얼리
nmnu,엔엠엔유
NNMNS,엔엔엠엔에스
NOCOFFEE,노커피
Nogreed,노그리드
NONAME,노네임
No.8inBminor,넘버에잇트인비마이너
NOAKK,노악
nobis,노비스
Nocle,노클
node,노드
NODO,노도
nofficialnoffice,노피셜노피스
NOHANT,노앙
NOHKE,노케
NOIR,느와
NOIRER,노이어
NOIXTE,노이스트
NOIZYCOMPANY,노이지컴퍼니
nolee,노리
NOMA,노마
NomadicStateofMind,노마딕
nomatteretc,노메터
NOMINATE,노미나떼
nomonico,노모니코
NONAMENEED,노네임니드
NONANDNON,논앤논
NONENON,논논
NONETHELESS,논더레스
NONIQUE,노니크
NONLOCAL,논로컬
NONNIERE,노니에르
NONSEASONBYMARGESHERWOOD,논시즌바이마지셔우드
noonoofingers,누누핑거스
NOOP,눕
NO-R,노알
NORDSTUDIO,노드스튜디오
NORDICISLAND,노르딕아일랜드
NORDICSLEEP,노르딕슬립
Normal-crush,노멀크러시
NORMZ,놈즈
NORNOT,노르낫
NORSEPROJECTS,노스프로젝트
NorthSeaClothing,노스씨클로딩
NOSNOOY,노스누이
NOTIMPORTANT,낫인포턴트
NOTNNOT,낫앤낫
NOTYOURROSE,낫유어로즈
NotyourxxxbyNotyourrose,낫유어엑스엑스엑스
NOTA,노타
notabag,노타백
nother,나더
NothingEverything,낫띵에브리띵
NOTHINGWRITTEN,낫띵리튼
NOTKNOWING,낫노잉
NOUN,노운
Nouve,누브
NOUVEAUANDMORE,누보앤드모어
nouvtone,누톤
NOVV,노브
NOWANDTOMORROW,나우앤투모로우
NOYB,엔오와이비
NOYCOMMON,노이커먼
NOZ.EYE,노즈아이
npmp,냥품멍품
NUPARCC,누팍
NUVAS,누바스
nuanceatelier,뉘앙스아뜰리에
nuavo,누아보
NUBES,누베스
NUDEBONES,누드본즈
NUDIEJEANS,누디진
nuenta,누엔타
Nueque,누크
nuer,뉴이
nug,너그
NUHAT,누햇
nuii,누이
Nukit,누키트
NULL,눌
NUMBERING,넘버링
numbuzin,넘버즈인
NUMERO,누메로
NUNNE,뉸네
Nutrione,뉴트리원
NUUYGNASEEL,누이그나실
NUVO.10,누보텐
NYBK,엔와이비케이
NYMPHE,님페
O!Oi,오아이오아이
O.O.D,오오디
O.P.I,오피아이
O.WHEN,오웬
oastudio,오에이스튜디오
oaar,오아르
OADD,오아드
oaeb,오아에베
oart,오아트
OBAKU,오바쿠
OBANUNION,오반유니온
OBEY,오베이
OBLA,오블라
OBLESS,오블레스
Obsess,옵세스
OCEANPACIFIC,오션퍼시픽
Oct31,악토버31
OCTAEVO,옥타에보
octette,오떼뜨
ODDCOMESHORT,오드컴쇼트
ODDONEOUT,오드원아웃
ODDCOLLET,오드콜렛
oddeyewear,오드아이웨어
ODDICT,오딕트
ODDVE,오드비
Odeliepre,오델리프레
odlyworkshop,오들리워크샵
ODMIUM,오드뮴
oesoel,오이소엘
OFFDUTY,오프듀티
offonstudio,오프온스튜디오
OFFTHERECORD,오프더레코드
OFFTOCO,오프토코
OFFWEEK,오프위크
OFF-WHITE,오프화이트
OGANACELL,오가나셀
OGRAM,오그램
OGX,오지엑스
ohL,오앨
OhLady,오레이디
Ohgnus,오그너스
OH-HO,오호
OHRLIN,오를린
OHSCENT,오센트
ohuuu,스튜디오오후
OIPAINTED,오아이페인티드
OIAUER,오이아우어
Ojodel.P,오조델피
ojos,오호스
OKA,오카
okeeffstudio,오키프스튜디오
OLDCHANNEL,올드채널
OLDBE,올드비
OLDMAL,올드말
OLIVEDRABSERVICE,올리브드랩서비스
olivercustom,올리버커스텀
OLIVIABURTON,올리비아버튼
OLZEN,올젠
OMEGA,오메가
OMEGAGLOVES,오메가글러브
OMERTA,오메르타
omnipotent,옴니포턴트
OMOROVICZA,오모로비짜
ONB,오엔비
ONDAstudios,온다스튜디오
OneBrilliant,원브릴리언트
OneThing,원씽
ONEENOUGH,원이너프
ONEHUNNNIT,원허닛
oneninenineone,일구구일
ONEOSEVEN,원오세븐
ONITSUKATIGER,오니츠카타이거
ONNE,온느
ontz,온츠
OOA,우아
OOD,오오드
OOFOS,우포스
OoH-AHh!,우아
ooowa,오오와
ooparts,오파츠
OOPSYDAISY,웁시데이지
OPENENND,오픈엔드
OpeningCeremony,오프닝세레모니
OPTICALW,옵티컬W
ORD'OR,오르디오르
orbstudio,올브스튜디오
Orbes,오르브
orda,오르다
ORDERGRAY,오더그레이
ORDINARYPEOPLE,오디너리피플
ORDINAUTY,오디너티
ORGANICMANSION,오가닉맨션
ORGANICTHREADS,오가닉쓰레드
ORIBE,오리베
ORIENA,오리에나
ORIS,오리스
orisoup,오리스프
OrlaKiely,올라카일리
orto,오르또
ORTUSVASTERDS,올투스바스터즈
OSEE,오씨
OSOI,오소이
OSTKAKA,오스트카카
OSU,오수
OTHERAND,아더앤드
OTHERSIDE,아더사이드
OTHERTHAN,아더댄
OTHER-worldly,아더월들리
Otie,오타이
OTROUVE,오트루베
OTTOMILA8000,오토밀라8000
Ouimaisnon,위메농
"oui,tt",위티
ouie,우이
OUINOUIN,우잉우잉
OUIOUI,위위
OUND,아운드
OURLEGACY,아워레가시
ourcomos,아워코모스
Ourgreen,아워그린
OURGREY,아워그레이
OURLIST,아워리스트
Ouro,아우로
OUROTHERS,아워아더스
OURSCOPE,아워스코프
OURS-LAB,아워스랩
Outofhabit,아웃오브하빗
OutdoorProducts,아웃도어프로덕트
OUTLINE,아웃라인
OUTLINES,아웃라인즈
OUTMODE,아웃모드
OUT-OF-OFFICE,아웃오브오피스
OUTSHELL,아웃셀
OUTSTANDING&CO,아웃스탠딩
outstandingordinary,아웃스탠딩올디너리
outx.o,아웃엑소
O'V,오브
OVENJUN,오분전
OVERBOARD,오버보드
OVERCAST,오버캐스트
OVERDINE,오버다인
overdueflair,오버듀플레어
OVERFENCE,오버펜스
OVERR,오베르
Ovject,오브젝트
OVRLAB,오버랩
OVT,오브이티
ovuni,오부니
OWL91,아울나인티원
OWNER,오너
OYA,오야
P.P.P,피.피.피
P/AbyPAUL&ALICE,피엔에이바이폴앤앨리스
p+gdesign,피지디자인
p127,피일이칠
P448,피448
padamview,빠담뷰
PAEON,파에온
PAFFEM,파펨
page,페이지
PAINORPLEASURE,페인오어플레져
PAINTERLY,페인터리
PAINTOZ,페인토즈
PAIRS,페얼스
PALETTEON,팔레트온
PALLA,팔라
PALLO,팔로
PalmAngels,팜엔젤스
PANACHECHASUNYOUNG,파나쉬차선영
PANCROSS,판크로스
PANDORA,판도라
PANDORA.FIT,판도라핏
PantoneSocks,팬톤삭스
PAPPER,페퍼
ParAvion,파르아비옹
Paraboot,파라부트
parachute,패러슈트
PARACIA,파라시아
PARADISEAIRLINE,파라다이스에어라인
PARAJUMPERS,파라점퍼
PARAKEET,파라킷
Parallel,패러렐
PARFUMDEFEMME,파퓸드팜므
PARISTEXAS,파리스텍사스
PARITY,패리티
PARROM,패롬
PARS,빠흐
PARSLEY,파슬리
PARTOFUNIVERSE,파트오브유니버스
partez,파르테즈
PARTYAFTERDARK,파티애프터다크
PASDEMER,파스드메르
Pascorozen,파스코로젠
Pastelcloud,파스텔클라우드
PATAGONIA,파타고니아
PAUL&JOE,폴앤조
PAULMEDISON,폴메디슨
PAULREVERE,폴리비어
PAULSMITH,폴스미스
PAUL&ALICE,폴앤앨리스
PAULA'SCHOICE,폴라초이스
PAULCORE,폴코어
PAULSBOUTIQUE,폴스부띠끄
PAULVICE,폴바이스
pause&break,파우즈앤브레이크
PausePlease,퍼즈플리즈
PAVEMENT,페이브먼트
PAWUNION,포유니온
PDPAOLA,피디파올라
PEAKRISE,피크라이즈
PEARLAGEMA,펠라제마
PEARLSONATE,퍼소네이트
pearlymore,펄리모어
PEEPS,핍스
PEGADOR,페가도르
PELEGDESIGN,벨렉디자인
PeloaPelo,펠로아펠로
PEMONT,페몬트
Penco,펜코
PENFIELD,펜필드
PENNYLANE,페니레인
PERITO,페리토
perla,페를라
PERSTEP,퍼스텝
PETAROUND,펫어라운드
PETERPILAR,피터필라르
petertannery,피터테너리
PEZVERDE,페즈베르데
PFS,피에프에스
PhilippPlein,필립플레인
PhilippeModel,필립모델
Philips,필립스
PHILOCALY,필로컬리
philosophyseoul,필로소피서울
PHIZ,피즈
Phne,프네
PHOIBE,포이베
phonecklace,폰네크리스
PHONOPHONO,포노포노
PHOS333,포스333
photozeniagoods,포토제니아굿즈
PHYKOLOGY,파이콜로지
Phymongshe,피몽쉐
PIANARI,피어나리
PIBUPIBU,피부피부
Piccasso,피카소
PICCASSOCOLLEZIONI,피카소꼴레지오니
PICKYMASK,피키마스크
PICOMENT,피코먼트
PIECEWORKER,피스워커
PIECEMAKER,피스메이커
PIERRA,피어라
PIG&HEN,피그앤헨
PIGMILLION,피그밀리언
PillC,필시
pille,필레
PINTHEBODY,핀더바디
PINBLACK,핀블랙
PINDEX,핀덱스
pinkbox,핑크박스
PIOZIO,피오지오
PIPE,파이프
piseoul,파이서울
PITA,피타
PIVOINE,피비온느
PLABEAU,프라뷰
PLAC,플랙
PLAGE,플라주
PLAINWORKS,플레인웍스
PLANTHEZERO,플랜더제로
PLAN_JPROJECT,플랜제이프로젝트
planforotherday,플랜포아더데이
Planit,플랜잇
Plant,플랜트
Plantology,플랜톨로지
PLASTICPRODUCT,플라스틱프로덕트
PLATEAU,플래토
PLATIN,플라틴
PLAYALLDAY247,플레이올데이247
PLAYIAN,플레이언
PLAYMENT,플레이먼트
PLAYNOMORE,플레이노모어
PLAYTEX,플레이텍스
PLEASING,플리징
pleiades,플레이아데스
PLINIC,플리닉
PLNT,플랜트
plouf,플루프
PLOW,플로우
PLUGNPLAY,플러그앤플레이
pluiette,플뤼에뜨
plumb,플럼
PLUMPDELIGHT,플럼프딜라잇
PLUSMINUSZERO,플러스마이너스제로
plycozy,플라이코지
poesiedame,포에지담
Polaroid,폴라로이드
POLATAM,폴라탐
POLERSTUFF,폴러스터프
POLICE,폴리스
POLORALPHLAUREN,폴로랄프로렌
POMENT,포먼트
PON,폰
POOCH,푸츠
popme,팝미
POPPI,파피
POPSOCKETS,팝소켓
POPULARSCIENCE,파퓰러사이언스
POREN,포렌
PORR,포르
PORTER,포터
PORTUGUESEFLANNEL,포르투기스플란넬
POSEGANCH,포즈간츠
POSHPROJECTS,포쉬프로젝트
POSITIVE.V,파지티브브이
postertshop,포스터샵
POSTLUDE,포스트루드
POSZER,포저
POUT,파우트
POWERCUBE,파워큐브
PPF,피피프
Pra.L,프라엘
PRACTICOARTE.,프렉티코아르떼
PRADA,프라다
PRAIRIE,프레리
pratesi,프라테시
PRENDAFROMPLANT,프렌다프롬플랜트
PREPARAT,프레파라트
PRESH,프레쉬
PRESIDENT,프레지던트
Pretone,프리톤
PRETTICA,프레티카
Primaute,프리모떼
primera,프리메라
printpitch,프린트피치
PRINTSTAR,프린트스타
printbyhankim,프린트바이한킴
PRO8CHEONGDAM,프로에잇청담
PROENZASCHOULER,프로엔자슐러
PROJECTSLEEP,프로젝트슬립
PROJEKTPRODUKT,프로젝트프로덕트
PRO-KEDS,프로케즈
PRO-SPECS,프로스펙스
PROSTME,프로스트미
PROTECTABED,프로텍트어베드
Protocol,프로토콜
PROTOTYPE,프로토타입
PROUNA,프라우나
Prouve,프루베
PS.MARYJANE,피에스메리제인
Ps.Merci,피에스메르시
PUBLICBEACON,퍼블릭비컨
PUBLICKAX,퍼블리카엑스
PUBLISH,퍼블리쉬
pulpo,풀포
PUMA,푸마
PUMABODYWEAR,푸마바디웨어
PUNKT,푼크트
PUPA,뿌빠
PureCashmereNYC,퓨어캐시미어
PUREENERGY,퓨어에너지
Pure:liv,퓨어리브
PUREBLACKSTUDIO,퓨어블랙스튜디오
PURR,퍼얼
Pursoma,퓨어소마
puttacomma,풋타콤마
QCUMBERS,큐컴버스
Qihoo360,치후360
Qladmuseum,클래드뮤지엄
QOOCA,쿠카
QUAVINO,쿠아비노
Quaci,콰시
QUARKAROUND,쿼크어라운드
QUARQOR,쿼르코어
QUASH,쿼시
QUI,큐이
QUICKSILVER,퀵실버
QUIETIST,콰이어티스트
QUINTRO,퀸트로
R/H,
RAVIDE,라비드
RA.E,라에
rabbitti,래비티
RABITO,라비또
RACHELCOX,레이첼콕스
RACOHA,라코하
RA-DROOM,라디룸
RADINEO,라디네오
Rael,라엘
RAFSIMONS,라프시몬스
RAIN.S,레인스
RAINBOWSANDAL,레인보우샌들
RAINBOWBOWL,레인보우볼
RAINS,레인스
RAIVE,레이브
RALMODE,랄모드
Ramolin,라모랭
RANDOMLINE,랜덤라인
RANJU,란주
rarecoral,레어코랄
RAREKIND,레어카인드
RARESOME,레어썸
RAREVIEW,레어뷰
RASKAL,래스칼
Rat-a-rit,랫어릿
RATEDGREEN,레이티드그린
RATIONAL,래셔널
RATIONALOBJET,레셔날오브제
RAVEUP,레이브업
RAVENTEARS,레이븐티얼스
RAWROW,로우로우
RAYBAN,레이벤
RAYETOG,레이토그
Razorpit,레이저핏
RboW,알보우
RERHEE,리이
"Re,move",리무브
RE;CODE,래코드
RE;CODEbyNIKE,래코드바이나이키
RE_L,리엘
READYMADE,레디메이드
realmeanotherme,리얼미어나더미
REALTECHNIQUES,리얼테크닉스
REALEESM,리얼리즘
RealRael,리얼라엘
RebeccaMinkoff,레베카밍코프
REBLANK,리블랭크
Recklessred-om,레클레스레드옴
RECLAR,리클레어
RECLOW,리끌로우
recolte,레꼴뜨
Reconquista,레콩키스타
RECTO,렉토
Recur,르쿠어
REDDY,레디
Redolph,레돌프
REDONE,리던
REDUIRE,리듀어
REDWING,레드윙
Refined902,리파인드902
REFRAME,리프레임
Refrisk,리프리스크
REFUR,리퍼
REGALK,리갈케이
REGNET,레그넷
ReikeNen,레이크넨
REINAMORA,레이나모라
REINDEER,레인디어
reinheart,라인하트
REKKEN,렉켄
REKNOTE,리노트
RELAXYOMIND,릴렉스요마인드
RELIZMPRODUCT,릴리즘프로덕트
REM,렘
Remantist,리맨티스트
REMEMBERJANE,리멤버제인
ReneHauyne,르네하우윈
RENEJ,르네제이
RENVERSE,랑베르세
REORG,리올그
Repechage,레파차지
Repetto,레페토
REPLAIN,리플레인
REPLAY,리플레이
REPLAYCONTAINER,리플레이컨테이너
REPOS,리포스
REPRE,리프리
REPRODUCTIONOFFOUND,리프로덕션오브파운드
Repwcet,렙셋
REQINS,흐꺙
REQUICHOT,레키쇼
REREAT,리피트
Rerupe,리루페
RESHOEVN8R,리슈브네이터
RESPIRER,레스피레
rethere,리데어
Returnupfatdown,리턴업팻다운
REVE,레브
REVEREVE,레브레브
REVEDEAGNEAU,레브드앙뉴
REVOIRSIS,르브아시스
RHEABIEN,레아비엔
RHEEMIN,리민
rhombus,롬버스
RIAE,리애
RICCIOANNA,리치오안나
RichGoneBroke,리치곤브로크
RICH&HOME,리치앤홈
RickOwens,릭오웬스
RIDERCOMMUNE,라이더커뮨
RIETI,리에티
RIFLEPAPER,라이플페이퍼
RIGOON,리군
RIJI,리지
rimou,리모우
rimrim,림림
rimrock,림락
RINGRANGRUNG,링랭렁
rinjeon,린전
RIPNDIP,립앤딥
RitaMonica,리타모니카
RIUNS,리운스
RLPACA,알파카
RNOT,알엔오티
ROACO,로아코
Roaju,로아주
ROAR,로어
ROARMORE,로어모어
ROCCIROCCI,로씨로씨
ROCKETXLUNCH,로켓런치
ROCKFISHWEATHERWEAR,락피쉬웨더웨어
ROCKPORT,락포트
RODD,로드
roem,로엠
ROGERVIVIER,로저비비에
ROHSEOUL,로서울
ROHEYD,로헤이드
ROIDESROIS,로아드로아
roideter,로이데테르
ROLAROLA,로라로라
ROLIAT,로리엣
ROLIATE',로리에트
ROLLIE,롤리
ROM_PER,ROM페르
ROMANSON,로만손
RomanticMove,로맨틱무브
ROMANTICISM,로맨티시즘
ROMANTICIZE,로맨틱싸이즈
ROMPER,롬페르
Roncato,론카토
RONRON,론론
Root-Edit,루트에딧
rootote,루토트
rootree,루트리
RORO,로로
RoRoBell,로로벨
ROSA.K,로사케이
rosecore,로즈코어
ROSEMONT,로즈몽
rosier,로지에
rougeetlenoir,루즈엣르누와
rouge&lounge,루즈앤라운지
ROUGEBLANC,루즈블랑
roughcity,러프시티
ROUGHSIDE,러프사이드
ROUNDLAB,라운드랩
ROUTE1,루트원
ROWE,로웨
ROYAL`WE,로얄위
ROYALPIECE,로얄피스
ROYALLIFE,로얄라이프
ROYCHE,로이체
RRACE,레이스
RROES,
RS9SEOUL,알에스나인서울
RSC,알쉬미스트컨템포러리
RSVP,알에스브이피
Rubit,러빗
RubyMare,루비메이어
RUCIPELLO,루치펠로
RUGGEDHOUSE,러기드하우스
RUHIG,루히그
RUHM,루흠
runningHIGH,러닝하이
RUONINE,루오나인
RussellAthletic,러셀애슬레틱
rusteach,
RUSTIQUE,루스티크
Rynhye,리네
RYOO,알와이오오
rysm,리즘
RYUCLASSIC,류클래식
RYUL+WAI:,률앤와이
SBLANC,에스블랑
scommamovement,에스콤마무브먼트
SNR,에스앤알
SSY,서번트신드롬
s.lisa,에스리자
S.MI-EUR,에스미어
S.W.C,스탭니워커스클럽
S_S.IL,에스실
s`more,스모어
Saborami,사보르아미
SACSTUDIO,색스튜디오
SACAI,사카이
saengindaelo,생긴대로
SAIB,세이브
saige,세이지
SAII,사이
sailors,세일러즈
SAIMIJEON,사이미전
SAINTBLANCHE,생블랑쉬
SaintJames,세인트제임스
SaintLaurent,생로랑
SaintLuxure,생럭슈
SAINTPAIN,세인트페인
SAINTROBE,세인트로브
Sakk,싹
saladbowls,샐러드볼즈
SALLYSLAW,샐리스로우
SALOMON,살로몬
SalondeNevaeh,살롱드느바에
SALONDESEOUL,살롱드서울
SALONDEYOHN,살롱드욘
SALONDEJU,쌀롱드쥬
SALRANG,살랑
SALTRAIN,솔트레인
SALTWATER,솔트워터
SALTWATERSANDAL,솔트워터샌들
SALTYFLOWER,솔티플라워
SALUTDEMIEL,쌀뤼드미엘
SalvatoreFerragamo,살바토레페라가모
SamEdelman,샘에델만
Samoondoh,세이모온도
SAMSAN,삼산
Sandgrens,샌드그랜
sans[CEUTICALS],산수티컬스
Sanssoucis,산수시
saranara,사라나라
Sara'sFit,사라스핏
SARTOR,사르토르
SATTCHI,삿치
SATURDAY-ELEVEN,세러데이일레븐
SAVAGE,세비지
SCALETTOBLACK,스칼렛또블랙
scamper,스캠퍼
SCENE,쎈느
scentofgoyo,센트오브고요
scenuerdo,세누에르도
SCHERZANDO,스케르잔도
SCHIM,스침
SCHMUTT,슈무트
SCHOEN,쉬엔
SCHUTZ,슈츠
scottiefriends,스코티프렌즈
SCS,에스씨에스
SCULPTOR,스컬프터
SEAFOLLY,씨폴리
SEALEDSMILESTUDIO,실드스마일스튜디오
seanmakescloth,션메익스클로쓰
SEARCH410,써치410
SEASHEER,씨시어
SEAVEES,시비즈
Seaylac,씰락
Sebs.,셉스
SECONDAMIE,세컨드아미
SECONDMANSION,세컨드맨션
SECONDUNIQUENAME,세컨드유니크네임
SECONDAILY,세컨데일리
secondhotel,세컨드호텔
SECONDMOVE,세컨무브
SECONNATION,세컨네이션
SECRETLAB,시크릿랩
SECRETMUSE,시크릿뮤즈
SEEBERGER,지베르거
seimarzo,세이마르조
SEIKO,세이코
SEKANSKEEN,세컨스킨
SELETTI,셀레티
SELFISH,셀피쉬
Self-portrait,셀프포트레이트
SEMICODE,세미코드
semicoloneyewear,세미콜론아이웨어
SEMPREPET,쌤프레펫
Sengdo,생활도감
SENSEOPTIC,센스옵틱
SENSELECT,센셀렉트
SENTIBONES,센티본즈
SEOK,세옥
seomoragi,섬오라기
SEONGYUNJOO,성윤주
SeoulAccent,서울엑센트
seouldance,서울댄스
SEOULMETAL,서울메탈
seoulapparel,서울어패럴
SeptemberMarch,셉템버마치
SEPTEMBERNINE,셉템버나인
SEPTEMBER5,셉텐벌5
SER,써
SERAX,세렉스
sergepoetic,세르쥬포에틱
SERUMKIND,세럼카인드
SETSETSET,쎄쎄쎄
SEULEMENT,셀몽
SEUNGMIKIM,승미킴
sevenfigures,세븐피겨스
sevenliner,세븐라이너
SEWCLASSIC,쏘우클래식
SewingBoundaries,소윙바운더리스
SEWNSWEN,소운스웬
SHADOWMOVE,섀도우무브
SHAKA,샤카
SHANA8thavenue,샤나에잇스에비뉴
shapeshape,쉐입쉐입
SHAREROOM,쉐어룸
SHDWPLAY,쉐도우플레이
shesaidthat,쉬세댓
SHELLS,쉘즈
shesPUAH,쉬즈푸아
shethiscomma,시디스콤마
SHIFT,시프트
SHINJEO,신저
shiro&maro,시로&마로
shirter,셔터
SHISEIDO,시세이도
SHOBONYATA,슈보니에타
SHOEBYCHOI,슈바이초이
SHOECUS,슈커스
SHOEHI,슈하이
SHOJIAMI,쇼지아미
shourouk,슈룩
shurg,슈럭
sickfumedot,식품닷
Sidiz,시디즈
SIERRALEE,시에라리
SIGNATURE,시그니처
SIIOUR,시아워
SILENTSOCIETY,사일런트소사이어티
SILERS,사일러스
Silk`n,실큰
SILLOOKSILLOOK,실룩실룩
SIMONCARTER,사이먼카터
SIMPLAIN,심플레인
SIMPLIER,심플리에
Simplistic,심플리스틱
Sincethen,신스덴
SINOON,시눈
SIORIS,시오리스
SiSi,씨씨
SITUATIONKAAL,시츄에이션카알
SIUSIU,시우시우
SIXSOX,식스삭스
Siyazu,시야쥬
SJYP,에스제이와이피
skinregimen,스킨레지민
SKINRxlab,스킨알엑스랩
SKONO,스코노
SKULLHONG,스컬홍
Skullcandy,스컬캔디
SKULLPIG,스컬피그
SKYBORNE,스카이본
skybottle,스카이보틀
SKYMILK,스카이밀크
SLEEPYSLIP,슬리피슬립
SLEY,슬레이
SLINKY,슬링키
SLOU,슬로우
S'LOW,에스로우
slowcabinet,슬로우캐비닛
slowmove,슬로우무브
SLOWSUMMER,슬로우썸머
SLOWUNIVERSE,슬로우유니버스
Slowpoke,슬로우포크
slowstitch,슬로우스티치
SMASHOES,에스엠에이슈즈
SMARTWA,스마트와
Smilage,스마일리지
SMILEY,스마일리
SmithArmor,스미스아머
smooth&slow,스무쓰앤슬로우
SNACKCULTURE,스낵컬처
SnappyCuddle,스내피커들
SNEFF,스네프
SNOOZY,스누지
snowmoon,스노우문
SNOWPEAK,스노우피크
SNP,에스엔피
SoCially,소셜리
SO.U:LESURES,쏘유레슈어
soapful,솝풀
SOAPURI,솝퓨리
SOAQ,소크
socharming,쏘차밍
SOCIN,소신
SOCKSAPPEAL,삭스어필
SOCKSTHELANGUAGE,삭스더랭귀지
SocksVeryMuch,삭스베리머치
SODASTREAM,소다스트림
SOFARTOGO,소파투고
sofkin,소프킨
SOFTCORE,소프트코어
SOFTSEOUL,소프트서울
Softlife,소프트라이프
SOFTUR,소프터
SOGNAREBY,소냐레바이
sogonsogon,소곤소곤
sohn,손
SOLANDROWA,솔앤로와
solblanc,솔블랑
SOLE,솔
SoleLab,솔랩
soleloop,쏠룹
SOLEUSAIR,솔러스에어
SOLIDPATTERNS,솔리드패턴즈
SOLUDOS,솔루도스
SOLYPH,솔잎
SOMETHINGGOOD,썸띵굿
SON&PARK,손앤박
SongRyoo,송류
SongeCreux,쏜지크
soniavia,소니아비아
Sonmat,손맛
SONSHINBAL,손신발
SOoak,쏘옥
SOOK,소옥
SOOKOI,수코이
soonsu,순수
Soorium,수리움
Sophiamor,소피아모르
SophyRouge,소피루즈
Sophy&Taylor,소피앤테일러
SORRYTOOMUCHLOVE,쏘리투머치러브
SORTIE,솔티
sosomansion,소소맨션
SOSOMOONGOO,소소문구
SO-SU,소수
SOTHING,쏘싱
SOUHAIT,수에
SOULSEASONS,소울시즌스
souldrops,소울드랍
SOULPOTBASICWORDS,소울팟베이직워드
SOULPOTSTUDIO,소울팟스튜디오
SOUNDLOOK,사운드룩
SOUNDSBMUET(TE),사운즈비뮈에트
SOUNDSLIFE,사운즈라이프
SPAMASTER,스파마스터
SPACEODDITY,스페이스오디티
SPACEO,스페이스오
SPECULUM,스페쿨룸
SPERONE,스페로네
SPINOZAEyewear,스피노자아이웨어
Sporty&Rich,스포티앤리치
SPRINGBOXEVENT,스프링박스이벤트
SPRINGCROCUS,스프링크로커스
SPRINGSTRINGS,스프링스트링스
SPUR,스퍼
SPUUN,스푼
SQUAREline,스퀘어라인
srisalzzac,스리살짝
srst,에스알에스티
Ssecondo,쎄꼰도
SSEF,세프
SSERPE,쎄르페
SSOKIN,쏘킨
SSQR,에스에스큐알
SSRL,에스에스알엘
SSS,에스에스에스
STABY.L,스태비엘
STAFFONLY,스텝온리
STANARD,스탠아드
StandOil,스탠드오일
StandardBlue,스탠다드블루
STANDARDCURVE,스탠다드커브
STANDUP,스탠드업
stanleykubrick,스탠리큐브릭
STAR.B,스타비
STARE,스테어
STARTER,스타터
STAYGOLD,스테이골드
STAYWITHME,스테이위드미
STAYGEM,스테이잼
STAYPEOPLE,스테이피플
STEALER,스틸러
Steelite,스틸라이트
STEELWHEELS,스틸휠즈
StellaMcCartney,스텔라맥카트니
STELLAREALE,스텔라레알리
stella.blanc,스텔라블랑
STEPHANECHRISTIAN,스테판크리스티앙
STEREOVINYLS,스테레오바이널즈
STICHFURSTICH,스티치퓨어스티치
STIGHLORGAN,스틸로건
STIGMA,스티그마
stila,스틸라
stilat,스틸렛
STILLINSTANT,스틸인스턴트
Stiu,스티유
STOE,스토
STONEISLAND,스톤아일랜드
Stonellery,스토너리
STONYSTRIDE,스토니스트라이드
stratickorea,스트라틱코리아
STRAYE,스트레이
STREETARTATHOME,스트리트아트앳홈
STRETCHANGELS,스트레치엔젤스
Striker,스트라이커
StuartWeitzman,스튜어트와이츠먼
StudioBlank,스튜디오블랭크
STUDIOCONCRETE,스튜디오콘크리트
STUDIODAARI,스튜디오다리
StudiodiPerla,스튜디오디뻬를라
STUDIOMACURA,스튜디오마큐라
StudioNicholson,스튜디오니콜슨
studioquisseh,스튜디오키세
STUDIOSELMYEOT,스튜디오슬몃
STUDIOSEONG,스튜디오성
STUDIOSMALLS,스튜디오스몰스
STUDIOSOCKSTOP,스튜디오싹스탑
STUDIOUNKNOWN,스튜디오언노운
studio.G,스튜디오지
studioSAMi,스튜디오삼이
STUSSY,스투시
STYLEATHOME,스타일앳홈
stylies,스타일리스
STYLINGHOME,스타일링홈
SUAPRISM,수아프리즘
SUARE,수아레
SUB_URBANRIOT,서브얼반라이엇
SUBET,슈벳
SUBU,스부
SUBYUL,수별
SUCKU.K,썩유케이
SUECOMMABONNIE,슈콤마보니
SUGAPOINT,슈가포인트
SUICOKE,수이코크
suiskin,스위스킨
SUITSUIT,수잇수잇
SUITTE,수티
SULWHASOO,설화수
SUMANO,수마노
SUNBUDDIES,선버디즈
sunab,수납
SUNCO,썬코
SUNDAYDISCOCLUB,선데이디스코클럽
SUNDAYLOUNGE,선데이라운지
sunnus,써누스
sunnusforwoman,써누스포우먼
Suntique,선티크
SUPERGA,수페르가
SUPERXSTATIC,슈퍼스타틱
SUPPORTLIGHT,서포트라이트
SUREBASE,슈어베이스
SURETA,슈레타
SURFEA,써피
Surfinia,서피니아
SURIEN,슈리엔
SURREALBUTNICE,서리얼벗나이스
SURREALBUTNICEUNISEX,서리얼벗나이스유니섹스
SUSUMU,수수무
SWALLOWTALE,스왈로테일
SWAROVSKI,스와로브스키
SWATCH,스와치
SWBDXLIFUL,소윙바운더리스X라이풀
SWEDISHDREAM,스웨디시드림
SweetOneEighty,스윗원에이티
sweetch,스위치
SWELL,스웰
SWELLO,스웰로
SWIB,스위브
Swingset,스윙셋
SWISSMILITARY,스위스밀리터리
SWISSMILITARYHANOWA,스위스밀러터리하노와
SWITCHNEON,스위치네온
SWITUS,스윗어스
SWSW,에스더블유에스더블유
SY2C,에스와이2씨
SYLK,실크
SYMBOR,심볼
SYNC,싱크
SYS.MIMESIS,시스템미메시스
SYZ,에스와이지
T.HUD,티허드
t:age,티:에이지
Tabletalk,테이블토크
TACKAON,탁가온
TACS,탁스
TactfulKiosk,탁풀키오스크
TAEWOO,태우
TAGHeuer,태그호이어
Tagtraume,타크트로이메
Taille,타일레
TAILORSTUDIO,테일러스튜디오
TAKART,테이칼트
TAKEASY,테이크이지
TAKEMEHOMESEOUL,택미홈서울
TALKABOUT,토크어바웃
talltree,키큰나무
tamimstudio,타밈스튜디오
TAMNIQ,탐니크
tangerine,탕저린
TangleAngel,탱글엔젤
TANGLETEEZER,탱글티저
TANIbyMINETANI,타니바이미네타니
TANTANWEAR,탄탄웨어
TANTIN,탄틴
TARGETTO,타게토
TARIMACOI,타리마코이
TAS,타스
tashNtash,타시앤타시
TASTE,테이스트
TATIANA,타티아나
TATRAS,타트라스
TATSUYA,타츠야
TATTLY,태틀리
TAUPREMIUMBLENDTEA,타우차
Taupe,토프
TAW&TOE,토앤토
Taze,테이즈
TEAK,티크
TEAMSCULPTOR,팀스컬프터
Teatimeofspring,티타임오브스프링
TEBONHEYD,테본헤이드
TEDBAKER,테드베이커
TELFAR,텔파
TELIC,텔릭
TELLTHETRUTH,텔더트루스
T'else,티엘스
TEMP˚S,템츠
TEMPORARY.SEOUL,템포로리.서울
tenacite,테나시트
tenblade,텐블레이드
TenderLab,탠더랩
TENFLATS,텐플랫
Tentacle,텐타클
TERIAT,테리엇
TERRANATION,테라네이션
tes,테스
TESCOM,테스콤
tetu,떼뚜
TEVA,테바
TEXT&SLNC,텍스트앤사일런스
textile-area,텍스타일에리어
THANKYOU.STUDIOS,땡큐스튜디오
THAT'SIT,댓츠잇
THAVMA,타마
THAYERS,세이어스
TheADONAI,더아도나이
THEASHLYNN,더애쉴린
THEAUTHOR:,디아서
THEBLACKSWAN,더블랙스완
THEBOONDOCKSAINTS,분닥세인츠
THECANVAS,더캔버스
THECENTAUR,더센토르
Thechemistrybrand,더케미스트리브랜드
thechil,더칠
THEDEF,더데프
theearth,디얼스
THEFRECCIA,더프레치아
Thegardenfactory,더가든팩토리
TheGREATEST,더그레이티스트
TheHouseofMarley,더하우스오브말리
THEINTERNATIIIONAL,인터내셔널
THEJIMI,더지미
theJOHI:,더조히:
THEKNITCOMPANY,더니트컴퍼니
TheKstory,더케이스토리
THELABbyblancdoux,더랩바이블랑두
theleathersatchel,레더사첼
TheLoom,더룸
theMJewelry,더엠주얼리
TheMint,더민트
TheNorthFace,노스페이스
THENORTHFACEPURPLELABEL,노스페이스퍼플라벨
THENUMERO,더누메로
TheOrdinary,디오디너리
therandomhypothesis,더랜덤
THERESQ,더레스큐
THESHINECASHMERE,더샤인캐시미어
THESLOWINGLOT,더슬로잉랏
thestudioK,더스튜디오케이
THESUIN,더수인
THETINT,더틴트
TheVeganGlow,더비건글로우
thecrayeon,더크레연
THEHEE,더히
THEKLAXON,더클랙슨
ThelmaGrace,델마그레이스
THEMANN,더만
then,덴
THENEW,더뉴
TheOpenProduct,더오픈프로덕트
theRubz,더럽즈
thesoom,더쉼
THESTORI,더스토리
THESUMI,더수미
theveryoung,더베리영
thi:m,띔
THIMBEAUTY,띰뷰티
Things,띵즈
THINX,띵스
THISIS.H,디스이즈에이치
THOMBROWNE,톰브라운
THOMASMORE,토마스모어
THOROGOOD,쏘로굿
THOUSAND,따우전드
THRASHER,트레셔
THREEKNOCKS,쓰리노크스
THREETOEIGHTY,쓰리투에이티
THULE,툴레
TIAKI,티아키
TIAM,티암주얼리
tibaeg,티백
TIDWATCHES,티아이디와치스
TIEDE,티에드
Tieut,티읕
TIFFANY&Co,티파니앤코
TIIKI,티키
TIKKUN,티쿤
TILLDAWN,틸던
TILLIDIE,틸아이다이
TIMBERLAND,팀버랜드
TIMBUK2,팀벅2
Time’sLip,타임슬립
TIMEX,타이맥스
TIMIDFREAK,티미드프리크
TINABLOSSOM,티나블로썸
TINATINA,티나티나
TINSELLIKECIRCUS,틴셀라이크써커스
TINYUNIVERSE,타이니유니버스
TIPITIPO,티피티포
TISSOT,티쏘
TLEYOUNG,틀영
TMOBY13MONTH,티엠오바이써틴먼스
TNP,티엔피
tothemoonandback,티티맙
TOBOOG,토부그
TOBYAD,톱야드
TODAY(IS),투데이이즈
todo,토도
Tods,토즈
Toffy,토피
TOi,토이
ToiEtMoi,트와에므와
Toi:L,뚜아엘
TOITT,토이뜨
tolerance,툴레랑스
TOMFORD,톰포드
tomar,토마르
TOMMYHILFIGER,타미힐피거
tomorrowobject,투모로우오브젝트
Tomotokki,토모토끼
TOMS,탐스
TONEMATT,톤매트
toneofyou,톤오브유
TONESTAINED,톤스테인드
ToniPons,토니폰즈
TONNO22,톤노22
TOOF,투프
TOOFACED,투페이스드
TOOLORED,툴러드
TOOLSBC8000,툴스비씨8000
TOPLACE,투플레이스
torreya,토레야
Torriden,토리든
TORYBURCH,토리버치
TOSE,토새
TOTEME,토템
TOU,티오유
TOUCHGROUND,터치그라운드
touchland,터치랜드
toumei,토메이
TOUN28,톤28
toust,토우스트
TOVEREGA,토브레가
TOWBINARE,투빛나래
towelogist,타월로지스트
TOYKEAT,토이킷
toyoil,토요일
TPSY,팁시
TRATAC,트라택
TravelBlue,트래블블루
TRAVELMATE,트레블메이트
TRAVELER'SCHOICE,트래블러스초이스
TRAVELUS,트래블러스
TREATROOM,트리트룸
treten,트레텐
TRIGENCO,트리젠코
TRIGGERPOINT,트리거포인트
TRIKER'S,트리커스
TripLESens,트립르센스
TRIPLEBLACK,트리플블랙
TRIPSHION,트립션
TRISHA,트리샤
TRITONE,트라이톤
TROISROIS,뚜아후아
TRONIE,트로니
TROOPLONDON,트룹런던
TRUELABORATORY,정직한실험실
TRUEROMANCE,트루로맨스
TrunkProject,트렁크프로젝트
TRWA,트와
TRYTOTALK,트라이투톡
TSH,티에스에이치
tttType,티티티타입
TTUGBAEGEFAMILY,뚝배기패밀리
tuingreeda,투인그리다
TUFEIS,튜페이스
TUK,티유케이
TULIPALEE,툴리파리
TUMI,투미
TUO,투오
TUSTUS,투스투스
TVOBT,티브이오비티
TWB,타올가게봄
twelvesome,투엘브썸
TWIGNEWYORK,트위그뉴욕
TWN,티떠블유엔
TWOWAI,투와이
TWVP,트윗비피
TWWL,티더블유더블유엘
TYCHE,티케
TYPICA,티피카
uandjproject,유앤제이
U&lc,유앤엘씨
UBUN'TU,우분트
UCBerkeley,
Ugg,어그
UH-OH,어오
UIJI,유아이제이아이
ujewelscent,유주얼센트
Ulike,유라이크
ULKIN,얼킨
ULLALAPAJAMAS,울랄라파자마
ULTRAWAVE,울트라웨이브
UMNEWYORK,유엠뉴욕
UMM,음
UMUN,어뮨
unapresmidi,언아프레스미디
unpetitoiseau,언쁘띠오이슈
UNAFFECTED,언어펙티드
UNALLOYED,어널로이드
UNBDAY,언비데이
UNBOUNDEDAWE,언바운디드어위
UNCOATED247,언코티드247
UNCOS,언코즈
UNDERWRAPS,언더랩스
under82,언더82
UNDERAIR,언더에어
UNDERARMOUR,언더아머
UNDERCONTROL,언더컨트롤
UNDERCONTROLSTUDIO,언더컨트롤스튜디오
UNDERCROSS,언더크로스
UNDERYOUTH,언더유스
UNERI,우네리
unfold,언폴드
UNGLAYER,유엔지레이어
ungpa,엉파
UNI.J,유니제이
UNIERE,유니에르
UNIFIT,유니핏
UNIMAX,유니맥스
UNIONOBJET,유니온오브제
UNIPAIR,유니페어
UNITWATCHES,유니트워치스
Universalchemistry,유니버셜케미스트리
UNIX,유닉스
UNKiiND,언카인드
UNKNOWNBLUE,언노운블루
UNKNOWNPLANET,언노운플라넷
UNLEASHIA,언리시아
UNNOWN,언노운
UNPA,언파
unseen,언씬
UNTAGE,언티지
UNTOLDLABEL,언톨드레이블
UNUSUALANGLE,언유주얼앵글
uooon,운
UPSCALE,업스케일
UpstateStock,업스테이트스탁
UPTOWNLIIZ,업타운리즈
URAGO,유라고
URANGS,유랑스
URBANDECAY,어반디케이
URBANTHINGS,어반띵즈
URBANAGE,어반에이지
URBANDTYPE,어반디타입
URH,언더컨트롤로드하이커
urimera,유리메라
URNAVY,유아네이비
usite,유지떼
USUALEDIT,유주얼에딧
USUALM.E,유주얼엠이
UTTUT,어텃
V.101,브이일공일
v:habit,브이해빗
V`satelier,비스아틀리에
V2,브이투
VACH,바치
VAGHEGGI,바게지
VAIRA,바이라
Valentino,발렌티노
ValentinoRudy,발렌티노루디
VALFRE,발프레
VALLODENERA,벨로디네라
VanDerPigge,반데르피게
VANAV,바나브
VANEMIA,바네미아
VANITABLE,베니테이블
VANONE,반원
VANS,반스
vapur,베이퍼
VARISONC,베리송크
VARZAR,바잘
VASTIC,바스틱
VAVACOCO,바바코코
VDL,브이디엘
VDR,비디알
VEDA,베다
VEDIVERO,베디베로
VeganTiger,비건타이거
VEI-8,베이에잇
VEILANCE,베일런스
VEILGA,베일가
VEJA,베자
VEM.VER,벰버
VENDOME,방돔
VENGDI,벵디
VENIVEDIVICI,베니베디비치
VENIMEUX,베니뮤
VENN,벤스킨케어
VENQUE,벤크
vente,방떼
VENTELLA,벤텔라
ventimono,벤티모노
Ventolation,벤톨레이션
VERBE,베르브
verdamt,베담트
VERDANTSEOUL,버단트서울
VERESTO,베레스토
VERLIN,벨린
Vermilan,버밀란
VERONICAFORLONDON,베로니카포런던
VERRYTASTE,베리테이스트
Versace,베르사체
VERSET,버셋
VERSO,베르소
VertBerry,베르베리
VERTETNOIR,베르에누아
VERUTUM,베루툼
VERVE,버브
Vetements,베트멍
VETIR,베티르
VHX,브이에이치엑스
VIA,비아이에이
VIAKSTUDIO,비아케이스튜디오
VIAPLAIN,비아플레인
Viasogno,비아소뇨
VIABONDEVIA,비아봉드비아
VIALE,비알레
VIAMONOH,비아모노
VICTOR&ALBERT,빅터앤알버트
victoriashoes,빅토리아슈즈
VIDIVICI,비디비치
VidriosSanMiguel,산미구엘
VIKTOR&ROLF,빅터앤롤프
VIMUN,비먼
VINECashmere,바인캐시미어
VINKAN,빈칸
Vinoche,비노쉬
VINOOM,빈움
VINTAGE&CO,빈티지앤코
VINTAGEHOLLYWOOD,빈티지헐리우드
viollina,비올리나
VISKA,비스카
VISTIC,비스틱
VITAFEDE,비타페데
VITALSIGN,바이탈싸인
VITAMINA,비타민에이
VITANTONIO,비탄토니오
VIVAPLEATS,비바플리츠
VIVACLASSY,비바클래시
vivastudio,비바스튜디오
VIVE,비베
Vivevive,비브비브
vivicho,비비초
VIVIDY,비비디
VIVIENNEWESTWOOD,비비안웨스트우드
VIVIRNDAY,비비앤데이
vivlab,비브랩
VLACK,블랙
VLADVLADES,블라드블라디스
vlaho,블라호
VLEEDA,블리다
VMCL,브이엠시엘
VMTjewelry,브이엠티주얼리
vocavaca,보카바카
VODANA,보다나
VOGUEKOREA,보그코리아
VOID,보이드
VOIDPEOPLES,보이드피플스
VOIEBIT,브아빗
VOILEBLANCHE,보일블랑쉐
voirreve,브아레브
VOKS,복스
VOLUSPA,볼루스파
VONDITOLE,본디토레
VOYONN,보연
VPPLEMENT,브플먼트
VRUMOUS,브롬어스
VTCOSMETICS,브이티코스메틱
VU.CLASS,뷰클래스
VUIEL,뷔엘
vunque,분크
vuvetstudio,부벳스튜디오
VVAULTS,볼츠
VVV,브이브이브이
VYMADE,비메이드
W.dressroom,더블유드레스룸
w.iden,와이든
w.p.c,더블유피씨
W3AR,더블유쓰리에이알
W9,더블유나인
WAAC,왁
WAAR,와르
WACOQ,와코크
WADE,웨이드
WAIKEI,와이케이
WALKINGMEDALIST,워킹메달리스트
WANDLER,반들러
WANKERS,웽커스
wannathis,워너디스
WARDROBE,와드로브
Warmlish,웜리쉬
WASDA,워즈다
Washnwish,워시앤위시
watchoutbaby,왓치아웃베이비
WAVEGUN,웨이브건
WaveUnion,웨이브유니온
WAYSOFCRAFTING,웨이스오브크레프팅
WAYSKIN,웨이스킨
WAYWAY,웨이웨이
WAZE,웨이즈
WBNK,와바나키
weareyiyoon,위아이윤
WE.FAM,위팸
wearobe,웨어로브
WEATHERTURNINGSTUDIO,웨더터닝스튜디오
weatt,위에트
WEEKADE,위크에이드
WEEKDAY,위크데이
WEEMASK,휘마스크
WELEDA,벨레다
WELLA,웰라
WELLE,벨레
wemadesomethinggood,위메이드썸띵굿
wessen,웨신
WESTINGHOUSE,웨스팅하우스
WETHEROAD,위더로드
wetter,베터
WEWILL.CO,위윌
WEWOOD,위우드
WHATIWANT,왓아이원트
whateverwewant,왓에버위원트
WHATISLOVE,왓이즈럽
WHENIWASYOUNG,웬아이워즈영
Whirlpool,월풀
WHiRLYBiRD,월리버드
WHITEBLOOM,화이트블룸
WHITEKRAFT,화이트크래프트
WhiteProject,화이트프로젝트
WHITESANDS,화이트샌즈
WHODINGS,후딩스
WHYJAY,와이제이
WHY-RIROVER,와이리로버
wigglewiggle,위글위글
WILDBRICKS,와일드브릭스
WillC,윌씨
WILLICOT,윌리콧
WINDAMP,윈드앰프
WINLI,윈리
WIT-HOLIDAY,위트홀리데이
wittman,위트맨
WKND,위크엔드
WKNDRS,위캔더스
WNDERKAMMER,분더캄머
WOLGAN,월간
WONDERVISITOR,원더비지터
WONDERBRA,원더브라
WOOALONG,우알롱
Woodycolt,우디콜트
WOOLRICH,울리치
WOONMU,운무
WOOZO,우조
WORKSPEDITION,웍스페디션
WORKWEAR,워크웨어
WORTHWHILEMOVEMENT,월스와일무브먼트
WORTHWORD,워스워드
WOTANCRAFT,우탄크래프트
WOWUNDERWEAR,와우언더웨어
WRITTENONWATER,리튼온워터
WTMdeco&boma,화이트멘데코&보마
WunderGeist,분더가이스트
WUZUSTUDIO,우주스튜디오
WVPROJECT,더블유브이프로젝트
wwweekendin,위켄드인
XJewellery,엑스주얼리
XDDESIGN,엑스디디자인
XERO,제로
XEROSHOES,제로슈즈
XIAOMI,샤오미
XOUL,소울
XPERIMNT,엑스페리먼트
XPIER,엑스피어
XTONZ,엑스톤즈
XXA,투엑스에이
XYZ,엑스와이지
Y.W.Z,와이더블유젯
y2k,와이투케이
Y-3,와이쓰리
YAE,예
YAN13,얀13
YankeeCandle,양키캔들
YARNWORKS,얀웍스
YASESHOES,야세슈즈
YCH,와이씨에이치
ydbl,와이디비엘
Yeezy,이지
YELLOWSTONE,옐로우스톤
YELLOWSWALLOW,옐로우스왈로우
YENABYYENA,예나바이예나
YEO,와이이오
YEOMIDA,여미다
YEOMIM,여밈
YESEYESEE,예스아이씨
Yesn't,예슨트
yieyie,이에이에
YIGNIL,이그닐
YKRA,이크라
YMC,와이엠씨
YNM,와이엔엠
YOA,요아
YoN9,와이오앤나인
YONIACY,요니아시
YOOKIM,유킴
youause,유어유스
YouAlreadyKnow,유얼레디노우
YOUAREINVITED,유어인바이티드
YOUMI,여우미
YouNess,유니스
youngbridge,영브릿지
YOUNGCASE,영케이스
YOUNGANDONE,영앤드원
yOunglyyOungley,영리영리
YOUNGOH,영오
YOUR,유얼
YOURJANE,유어제인
YournameHere,유어네임히얼
YOURPEACE,유어피스
YOURMONTHYOURDAY,유어먼스유어데이
YOUSLEEP,유슬립
YOUTH,유스
YouWouldLoveThis,유우드러브디스
YOWE,요위
YSL,입생로랑
yuge,유즈
YUJI,유지
YUJIMEN,유지맨
YULL,율
YUN,윤
yunassi,유나씨
YUNJAC,연작
YUNNI.G,유니지
YUNSE,윤세
yup,여피
YUPPE,엽페
YURT,유르트
YUSE,유즈
YUULYIE,율이에
yvonneb,이본느비
YWF,와이더블유에프
YYCC,와이와이씨씨
zamberlan,잠발란
ZARIA,자리아
ZAXY,작시
ZCOLICO,젯콜리코
ZennyCloset,젠니클로젯
ZEROBAKERY,제로베이커리
ZEROEIGHTZEROEIGHT,제로에잇제로에잇
ZEROSTREET,제로스트릿
ZEUS,제우스
ZHOUERO,주에로
zigmunt,지그문트
zigzagfactory,지그재그팩토리
Zinganything,징애니띵
ZISOO,지수
ZISZAS,지스자스
ZOD,조드
ZOENA,조에나
Zplish,지플리시
ZTONE,즈톤
zudritt,주드리뜨
ZULUPACK,줄루팩
#000000,해쉬블랙
#3bart,드리바트
&needs,앤니즈
&SOCIETY,앤소사이어티
[sy:n]vasol,바솔
¡cheche!,체체
02ARMOIRE,세컨드아르무아
1YEARPERFORMANCE,원이어퍼포먼스
10.18,원제로에잇틴
100%pure,100%퓨어
1000V,천볼트
100BON,썽봉
104COVER,일공사커버
1064STUDIO,1064스튜디오
10BRICKS,텐브릭스
1159STUDIOS,일일오구스튜디오
12,일이
134MM,일삼사엠엠
13MONTH,써틴먼쓰
13MONTHCOSMETICS,써틴먼스코스메틱
1421radiostudio,1421라디오스튜디오
1507,일오공칠
1537,1537
153only,일오삼온니
1FLR,원플러
1SofT,원소프트
1stRUMOR,퍼스트루머
2016/,2016/
2020JIA,2020지아
210x297,이일공X이구칠
21MAR80,이일삼팔공
23.5,이십삼점오
23.65,이십삼점육오
247SEOUL,247서울
250Design,250디자인
2CUBE,투큐브
2DELLO,투델로
2MOMENT7,투모먼트세븐
2NDLIFE,세컨라이프
2ndSWBD,소윙바운더러리스세컨
2nul,이널
2PJT,이피제이티
320SHOWROOM,320쇼룸
32DAWN,써티투던
33MusemenT,33뮤즈먼트
377PLACE,377플레이스
38comeoncommon,삼팔컴온커먼
3FISH,쓰리피쉬
3JECT,쓰리젝트
3RD,쓰리알디
433ACTS,사삼삼액츠
45DO,사십오도
47brand,47브랜드
4monster,4몬스터
4ourb,사비
4T2ND,포티세컨드
4XR,포엑스알
5149,5149
5252byo!oi,오이오이바이오아이오아이
5PENING,오프닝
601street,육공일스트리트
6ft,식스핏
707.STUDIO,707.
720,720
803STUDIO,팔공삼스튜디오
8221,8221
89ABLE,팔구에이블
8BALLTOWN,에잇볼타운
8DIVISION,에이트디비젼
"9by91,2",구바이구일이
月.style,월스타일
